label,input
tce,"['t', 'c', 'e']"
add,"['a', 'd', 'd']"
aor,"['a', 'o', 'r']"
chac,"['c', 'h', 'a', 'c']"
tgis,"['t', 'g', 'i', 's']"
wwth,"['w', 'w', 't', 'h']"
yau,"['y', 'a', 'u']"
npt,"['n', 'p', 't']"
ure,"['u', 'r', 'e']"
froj,"['f', 'r', 'o', 'j']"
yoir,"['y', 'o', 'i', 'r']"
pll,"['p', 'l', 'l']"
hfve,"['h', 'f', 'v', 'e']"
ner,"['n', 'e', 'r']"
mgre,"['m', 'g', 'r', 'e']"
wax,"['w', 'a', 'x']"
sill,"['s', 'i', 'l', 'l']"
hoee,"['h', 'o', 'e', 'e']"
cai,"['c', 'a', 'i']"
abovt,"['a', 'b', 'o', 'v', 't']"
pmge,"['p', 'm', 'g', 'e']"
hah,"['h', 'a', 'h']"
seatch,"['s', 'e', 'a', 't', 'c', 'h']"
free,"['f', 'r', 'e', 'e']"
bub,"['b', 'u', 'b']"
eur,"['e', 'u', 'r']"
oje,"['o', 'j', 'e']"
osher,"['o', 's', 'h', 'e', 'r']"
fnformatfon,"['f', 'n', 'f', 'o', 'r', 'm', 'a', 't', 'f', 'o', 'n']"
bime,"['b', 'i', 'm', 'e']"
tzey,"['t', 'z', 'e', 'y']"
slte,"['s', 'l', 't', 'e']"
mah,"['m', 'a', 'h']"
whvt,"['w', 'h', 'v', 't']"
whinh,"['w', 'h', 'i', 'n', 'h']"
taeir,"['t', 'a', 'e', 'i', 'r']"
newq,"['n', 'e', 'w', 'q']"
oui,"['o', 'u', 'i']"
bse,"['b', 's', 'e']"
aiy,"['a', 'i', 'y']"
ihere,"['i', 'h', 'e', 'r', 'e']"
shh,"['s', 'h', 'h']"
vnly,"['v', 'n', 'l', 'y']"
jis,"['j', 'i', 's']"
wsen,"['w', 's', 'e', 'n']"
contpct,"['c', 'o', 'n', 't', 'p', 'c', 't']"
heze,"['h', 'e', 'z', 'e']"
bdsiness,"['b', 'd', 's', 'i', 'n', 'e', 's', 's']"
wro,"['w', 'r', 'o']"
weg,"['w', 'e', 'g']"
alsn,"['a', 'l', 's', 'n']"
now,"['n', 'o', 'w']"
hnlp,"['h', 'n', 'l', 'p']"
gbt,"['g', 'b', 't']"
vmew,"['v', 'm', 'e', 'w']"
onlinz,"['o', 'n', 'l', 'i', 'n', 'z']"
firyt,"['f', 'i', 'r', 'y', 't']"
beem,"['b', 'e', 'e', 'm']"
wguld,"['w', 'g', 'u', 'l', 'd']"
now,"['n', 'o', 'w']"
weje,"['w', 'e', 'j', 'e']"
serviges,"['s', 'e', 'r', 'v', 'i', 'g', 'e', 's']"
eome,"['e', 'o', 'm', 'e']"
tzese,"['t', 'z', 'e', 's', 'e']"
cltck,"['c', 'l', 't', 'c', 'k']"
itq,"['i', 't', 'q']"
llke,"['l', 'l', 'k', 'e']"
shrvich,"['s', 'h', 'r', 'v', 'i', 'c', 'h']"
tsan,"['t', 's', 'a', 'n']"
find,"['f', 'i', 'n', 'd']"
hrice,"['h', 'r', 'i', 'c', 'e']"
dabe,"['d', 'a', 'b', 'e']"
bdck,"['b', 'd', 'c', 'k']"
ttp,"['t', 't', 'p']"
peopee,"['p', 'e', 'o', 'p', 'e', 'e']"
haj,"['h', 'a', 'j']"
liqt,"['l', 'i', 'q', 't']"
nane,"['n', 'a', 'n', 'e']"
jusq,"['j', 'u', 's', 'q']"
jver,"['j', 'v', 'e', 'r']"
szaze,"['s', 'z', 'a', 'z', 'e']"
yebr,"['y', 'e', 'b', 'r']"
gay,"['g', 'a', 'y']"
intf,"['i', 'n', 't', 'f']"
emril,"['e', 'm', 'r', 'i', 'l']"
iwo,"['i', 'w', 'o']"
healjh,"['h', 'e', 'a', 'l', 'j', 'h']"
womld,"['w', 'o', 'm', 'l', 'd']"
nexl,"['n', 'e', 'x', 'l']"
ueed,"['u', 'e', 'e', 'd']"
xork,"['x', 'o', 'r', 'k']"
kast,"['k', 'a', 's', 't']"
moat,"['m', 'o', 'a', 't']"
producds,"['p', 'r', 'o', 'd', 'u', 'c', 'd', 's']"
musib,"['m', 'u', 's', 'i', 'b']"
bzy,"['b', 'z', 'y']"
dxtx,"['d', 'x', 't', 'x']"
mage,"['m', 'a', 'g', 'e']"
theb,"['t', 'h', 'e', 'b']"
shoulu,"['s', 'h', 'o', 'u', 'l', 'u']"
prodhct,"['p', 'r', 'o', 'd', 'h', 'c', 't']"
kyktem,"['k', 'y', 'k', 't', 'e', 'm']"
post,"['p', 'o', 's', 't']"
hqr,"['h', 'q', 'r']"
cvty,"['c', 'v', 't', 'y']"
att,"['a', 't', 't']"
poliry,"['p', 'o', 'l', 'i', 'r', 'y']"
nuwber,"['n', 'u', 'w', 'b', 'e', 'r']"
sucp,"['s', 'u', 'c', 'p']"
pleace,"['p', 'l', 'e', 'a', 'c', 'e']"
avaioaboe,"['a', 'v', 'a', 'i', 'o', 'a', 'b', 'o', 'e']"
copybight,"['c', 'o', 'p', 'y', 'b', 'i', 'g', 'h', 't']"
svpport,"['s', 'v', 'p', 'p', 'o', 'r', 't']"
mennage,"['m', 'e', 'n', 'n', 'a', 'g', 'e']"
aftef,"['a', 'f', 't', 'e', 'f']"
beit,"['b', 'e', 'i', 't']"
softwore,"['s', 'o', 'f', 't', 'w', 'o', 'r', 'e']"
thun,"['t', 'h', 'u', 'n']"
xan,"['x', 'a', 'n']"
goop,"['g', 'o', 'o', 'p']"
vidxo,"['v', 'i', 'd', 'x', 'o']"
eell,"['e', 'e', 'l', 'l']"
whoro,"['w', 'h', 'o', 'r', 'o']"
inco,"['i', 'n', 'c', 'o']"
eights,"['e', 'i', 'g', 'h', 't', 's']"
publit,"['p', 'u', 'b', 'l', 'i', 't']"
boozs,"['b', 'o', 'o', 'z', 's']"
hikh,"['h', 'i', 'k', 'h']"
sclool,"['s', 'c', 'l', 'o', 'o', 'l']"
tcrougc,"['t', 'c', 'r', 'o', 'u', 'g', 'c']"
rach,"['r', 'a', 'c', 'h']"
linds,"['l', 'i', 'n', 'd', 's']"
shb,"['s', 'h', 'b']"
yeview,"['y', 'e', 'v', 'i', 'e', 'w']"
kears,"['k', 'e', 'a', 'r', 's']"
orner,"['o', 'r', 'n', 'e', 'r']"
verb,"['v', 'e', 'r', 'b']"
privavy,"['p', 'r', 'i', 'v', 'a', 'v', 'y']"
boog,"['b', 'o', 'o', 'g']"
ijems,"['i', 'j', 'e', 'm', 's']"
cdmpany,"['c', 'd', 'm', 'p', 'a', 'n', 'y']"
resd,"['r', 'e', 's', 'd']"
gvoup,"['g', 'v', 'o', 'u', 'p']"
hex,"['h', 'e', 'x']"
nzzd,"['n', 'z', 'z', 'd']"
meny,"['m', 'e', 'n', 'y']"
fser,"['f', 's', 'e', 'r']"
taid,"['t', 'a', 'i', 'd']"
dors,"['d', 'o', 'r', 's']"
ses,"['s', 'e', 's']"
undez,"['u', 'n', 'd', 'e', 'z']"
genebal,"['g', 'e', 'n', 'e', 'b', 'a', 'l']"
researcr,"['r', 'e', 's', 'e', 'a', 'r', 'c', 'r']"
universijy,"['u', 'n', 'i', 'v', 'e', 'r', 's', 'i', 'j', 'y']"
januazy,"['j', 'a', 'n', 'u', 'a', 'z', 'y']"
jail,"['j', 'a', 'i', 'l']"
fpll,"['f', 'p', 'l', 'l']"
mbp,"['m', 'b', 'p']"
reviewq,"['r', 'e', 'v', 'i', 'e', 'w', 'q']"
prograc,"['p', 'r', 'o', 'g', 'r', 'a', 'c']"
nife,"['n', 'i', 'f', 'e']"
knom,"['k', 'n', 'o', 'm']"
hames,"['h', 'a', 'm', 'e', 's']"
wmy,"['w', 'm', 'y']"
daes,"['d', 'a', 'e', 's']"
managemenq,"['m', 'a', 'n', 'a', 'g', 'e', 'm', 'e', 'n', 'q']"
pmrt,"['p', 'm', 'r', 't']"
could,"['c', 'o', 'u', 'l', 'd']"
greaz,"['g', 'r', 'e', 'a', 'z']"
uiited,"['u', 'i', 'i', 't', 'e', 'd']"
hotxl,"['h', 'o', 't', 'x', 'l']"
rdal,"['r', 'd', 'a', 'l']"
itbm,"['i', 't', 'b', 'm']"
internationae,"['i', 'n', 't', 'e', 'r', 'n', 'a', 't', 'i', 'o', 'n', 'a', 'e']"
cxntxr,"['c', 'x', 'n', 't', 'x', 'r']"
ekay,"['e', 'k', 'a', 'y']"
cust,"['c', 'u', 's', 't']"
store,"['s', 't', 'o', 'r', 'e']"
travol,"['t', 'r', 'a', 'v', 'o', 'l']"
comments,"['c', 'o', 'm', 'm', 'e', 'n', 't', 's']"
mahe,"['m', 'a', 'h', 'e']"
dbvblopmbnt,"['d', 'b', 'v', 'b', 'l', 'o', 'p', 'm', 'b', 'n', 't']"
rsport,"['r', 's', 'p', 'o', 'r', 't']"
dff,"['d', 'f', 'f']"
memmer,"['m', 'e', 'm', 'm', 'e', 'r']"
detailo,"['d', 'e', 't', 'a', 'i', 'l', 'o']"
lpne,"['l', 'p', 'n', 'e']"
tcrms,"['t', 'c', 'r', 'm', 's']"
beoore,"['b', 'e', 'o', 'o', 'r', 'e']"
qotels,"['q', 'o', 't', 'e', 'l', 's']"
fif,"['f', 'i', 'f']"
dend,"['d', 'e', 'n', 'd']"
rigkt,"['r', 'i', 'g', 'k', 't']"
tyfe,"['t', 'y', 'f', 'e']"
becapse,"['b', 'e', 'c', 'a', 'p', 's', 'e']"
losal,"['l', 'o', 's', 'a', 'l']"
yhose,"['y', 'h', 'o', 's', 'e']"
qsing,"['q', 's', 'i', 'n', 'g']"
resglts,"['r', 'e', 's', 'g', 'l', 't', 's']"
sffice,"['s', 'f', 'f', 'i', 'c', 'e']"
eduqation,"['e', 'd', 'u', 'q', 'a', 't', 'i', 'o', 'n']"
nationaq,"['n', 'a', 't', 'i', 'o', 'n', 'a', 'q']"
gar,"['g', 'a', 'r']"
desigd,"['d', 'e', 's', 'i', 'g', 'd']"
sake,"['s', 'a', 'k', 'e']"
postkd,"['p', 'o', 's', 't', 'k', 'd']"
wnternet,"['w', 'n', 't', 'e', 'r', 'n', 'e', 't']"
addhess,"['a', 'd', 'd', 'h', 'e', 's', 's']"
community,"['c', 'o', 'm', 'm', 'u', 'n', 'i', 't', 'y']"
withiz,"['w', 'i', 't', 'h', 'i', 'z']"
statds,"['s', 't', 'a', 't', 'd', 's']"
tret,"['t', 'r', 'e', 't']"
wact,"['w', 'a', 'c', 't']"
pvone,"['p', 'v', 'o', 'n', 'e']"
hvh,"['h', 'v', 'h']"
shippiny,"['s', 'h', 'i', 'p', 'p', 'i', 'n', 'y']"
rxsxrvxd,"['r', 'x', 's', 'x', 'r', 'v', 'x', 'd']"
submect,"['s', 'u', 'b', 'm', 'e', 'c', 't']"
beuween,"['b', 'e', 'u', 'w', 'e', 'e', 'n']"
yorum,"['y', 'o', 'r', 'u', 'm']"
xamily,"['x', 'a', 'm', 'i', 'l', 'y']"
nong,"['n', 'o', 'n', 'g']"
baaed,"['b', 'a', 'a', 'e', 'd']"
uode,"['u', 'o', 'd', 'e']"
shoq,"['s', 'h', 'o', 'q']"
ecen,"['e', 'c', 'e', 'n']"
zlack,"['z', 'l', 'a', 'c', 'k']"
hhehk,"['h', 'h', 'e', 'h', 'k']"
specijl,"['s', 'p', 'e', 'c', 'i', 'j', 'l']"
qrices,"['q', 'r', 'i', 'c', 'e', 's']"
webvite,"['w', 'e', 'b', 'v', 'i', 't', 'e']"
indxx,"['i', 'n', 'd', 'x', 'x']"
beino,"['b', 'e', 'i', 'n', 'o']"
wojen,"['w', 'o', 'j', 'e', 'n']"
muco,"['m', 'u', 'c', 'o']"
eign,"['e', 'i', 'g', 'n']"
fila,"['f', 'i', 'l', 'a']"
lirk,"['l', 'i', 'r', 'k']"
opgn,"['o', 'p', 'g', 'n']"
toeay,"['t', 'o', 'e', 'a', 'y']"
techniligy,"['t', 'e', 'c', 'h', 'n', 'i', 'l', 'i', 'g', 'y']"
stuth,"['s', 't', 'u', 't', 'h']"
cabe,"['c', 'a', 'b', 'e']"
psoject,"['p', 's', 'o', 'j', 'e', 'c', 't']"
saae,"['s', 'a', 'a', 'e']"
pagms,"['p', 'a', 'g', 'm', 's']"
hersion,"['h', 'e', 'r', 's', 'i', 'o', 'n']"
secticn,"['s', 'e', 'c', 't', 'i', 'c', 'n']"
opn,"['o', 'p', 'n']"
fbund,"['f', 'b', 'u', 'n', 'd']"
sponts,"['s', 'p', 'o', 'n', 't', 's']"
houae,"['h', 'o', 'u', 'a', 'e']"
relaned,"['r', 'e', 'l', 'a', 'n', 'e', 'd']"
secuoity,"['s', 'e', 'c', 'u', 'o', 'i', 't', 'y']"
bpth,"['b', 'p', 't', 'h']"
county,"['c', 'o', 'u', 'n', 't', 'y']"
amsrican,"['a', 'm', 's', 'r', 'i', 'c', 'a', 'n']"
phoko,"['p', 'h', 'o', 'k', 'o']"
game,"['g', 'a', 'm', 'e']"
mxmbxrs,"['m', 'x', 'm', 'b', 'x', 'r', 's']"
powcr,"['p', 'o', 'w', 'c', 'r']"
whale,"['w', 'h', 'a', 'l', 'e']"
cwre,"['c', 'w', 'r', 'e']"
nrtwork,"['n', 'r', 't', 'w', 'o', 'r', 'k']"
hown,"['h', 'o', 'w', 'n']"
cofputer,"['c', 'o', 'f', 'p', 'u', 't', 'e', 'r']"
uyutemu,"['u', 'y', 'u', 't', 'e', 'm', 'u']"
thrpp,"['t', 'h', 'r', 'p', 'p']"
totgl,"['t', 'o', 't', 'g', 'l']"
placj,"['p', 'l', 'a', 'c', 'j']"
enl,"['e', 'n', 'l']"
followinr,"['f', 'o', 'l', 'l', 'o', 'w', 'i', 'n', 'r']"
downlofd,"['d', 'o', 'w', 'n', 'l', 'o', 'f', 'd']"
pim,"['p', 'i', 'm']"
without,"['w', 'i', 't', 'h', 'o', 'u', 't']"
pes,"['p', 'e', 's']"
accegg,"['a', 'c', 'c', 'e', 'g', 'g']"
thinp,"['t', 'h', 'i', 'n', 'p']"
ncrth,"['n', 'c', 'r', 't', 'h']"
redourced,"['r', 'e', 'd', 'o', 'u', 'r', 'c', 'e', 'd']"
currene,"['c', 'u', 'r', 'r', 'e', 'n', 'e']"
poltl,"['p', 'o', 'l', 't', 'l']"
fig,"['f', 'i', 'g']"
media,"['m', 'e', 'd', 'i', 'a']"
lag,"['l', 'a', 'g']"
control,"['c', 'o', 'n', 't', 'r', 'o', 'l']"
watej,"['w', 'a', 't', 'e', 'j']"
ristory,"['r', 'i', 's', 't', 'o', 'r', 'y']"
pictores,"['p', 'i', 'c', 't', 'o', 'r', 'e', 's']"
siye,"['s', 'i', 'y', 'e']"
arj,"['a', 'r', 'j']"
pcrsonal,"['p', 'c', 'r', 's', 'o', 'n', 'a', 'l']"
sidce,"['s', 'i', 'd', 'c', 'e']"
incguding,"['i', 'n', 'c', 'g', 'u', 'd', 'i', 'n', 'g']"
ouide,"['o', 'u', 'i', 'd', 'e']"
sdop,"['s', 'd', 'o', 'p']"
direetory,"['d', 'i', 'r', 'e', 'e', 't', 'o', 'r', 'y']"
bqard,"['b', 'q', 'a', 'r', 'd']"
locatioe,"['l', 'o', 'c', 'a', 't', 'i', 'o', 'e']"
zhange,"['z', 'h', 'a', 'n', 'g', 'e']"
white,"['w', 'h', 'i', 't', 'e']"
qexq,"['q', 'e', 'x', 'q']"
jmall,"['j', 'm', 'a', 'l', 'l']"
ratjng,"['r', 'a', 't', 'j', 'n', 'g']"
sate,"['s', 'a', 't', 'e']"
goverrmert,"['g', 'o', 'v', 'e', 'r', 'r', 'm', 'e', 'r', 't']"
childreh,"['c', 'h', 'i', 'l', 'd', 'r', 'e', 'h']"
curing,"['c', 'u', 'r', 'i', 'n', 'g']"
ufa,"['u', 'f', 'a']"
hetuhn,"['h', 'e', 't', 'u', 'h', 'n']"
stuaents,"['s', 't', 'u', 'a', 'e', 'n', 't', 's']"
sdopping,"['s', 'd', 'o', 'p', 'p', 'i', 'n', 'g']"
acccunt,"['a', 'c', 'c', 'c', 'u', 'n', 't']"
txmes,"['t', 'x', 'm', 'e', 's']"
vitev,"['v', 'i', 't', 'e', 'v']"
lhvhl,"['l', 'h', 'v', 'h', 'l']"
dinital,"['d', 'i', 'n', 'i', 't', 'a', 'l']"
profdle,"['p', 'r', 'o', 'f', 'd', 'l', 'e']"
pmevious,"['p', 'm', 'e', 'v', 'i', 'o', 'u', 's']"
fora,"['f', 'o', 'r', 'a']"
evenls,"['e', 'v', 'e', 'n', 'l', 's']"
loue,"['l', 'o', 'u', 'e']"
oad,"['o', 'a', 'd']"
johq,"['j', 'o', 'h', 'q']"
mayn,"['m', 'a', 'y', 'n']"
cnll,"['c', 'n', 'l', 'l']"
houys,"['h', 'o', 'u', 'y', 's']"
iqage,"['i', 'q', 'a', 'g', 'e']"
deuartment,"['d', 'e', 'u', 'a', 'r', 't', 'm', 'e', 'n', 't']"
titfe,"['t', 'i', 't', 'f', 'e']"
descriptihn,"['d', 'e', 's', 'c', 'r', 'i', 'p', 't', 'i', 'h', 'n']"
yoy,"['y', 'o', 'y']"
insuranct,"['i', 'n', 's', 'u', 'r', 'a', 'n', 'c', 't']"
anotser,"['a', 'n', 'o', 't', 's', 'e', 'r']"
wmy,"['w', 'm', 'y']"
shxll,"['s', 'h', 'x', 'l', 'l']"
qroqerty,"['q', 'r', 'o', 'q', 'e', 'r', 't', 'y']"
cbass,"['c', 'b', 'a', 's', 's']"
stxll,"['s', 't', 'x', 'l', 'l']"
mokey,"['m', 'o', 'k', 'e', 'y']"
qualitl,"['q', 'u', 'a', 'l', 'i', 't', 'l']"
evexy,"['e', 'v', 'e', 'x', 'y']"
listinj,"['l', 'i', 's', 't', 'i', 'n', 'j']"
conzenz,"['c', 'o', 'n', 'z', 'e', 'n', 'z']"
zountry,"['z', 'o', 'u', 'n', 't', 'r', 'y']"
prrvate,"['p', 'r', 'r', 'v', 'a', 't', 'e']"
qittqe,"['q', 'i', 't', 't', 'q', 'e']"
vipit,"['v', 'i', 'p', 'i', 't']"
sbve,"['s', 'b', 'v', 'e']"
jools,"['j', 'o', 'o', 'l', 's']"
oow,"['o', 'o', 'w']"
veply,"['v', 'e', 'p', 'l', 'y']"
gustomer,"['g', 'u', 's', 't', 'o', 'm', 'e', 'r']"
becember,"['b', 'e', 'c', 'e', 'm', 'b', 'e', 'r']"
compaoe,"['c', 'o', 'm', 'p', 'a', 'o', 'e']"
moviez,"['m', 'o', 'v', 'i', 'e', 'z']"
inclsde,"['i', 'n', 'c', 'l', 's', 'd', 'e']"
pollege,"['p', 'o', 'l', 'l', 'e', 'g', 'e']"
valie,"['v', 'a', 'l', 'i', 'e']"
artikle,"['a', 'r', 't', 'i', 'k', 'l', 'e']"
ynrk,"['y', 'n', 'r', 'k']"
ian,"['i', 'a', 'n']"
pard,"['p', 'a', 'r', 'd']"
jocs,"['j', 'o', 'c', 's']"
prooide,"['p', 'r', 'o', 'o', 'i', 'd', 'e']"
lood,"['l', 'o', 'o', 'd']"
aource,"['a', 'o', 'u', 'r', 'c', 'e']"
aulhor,"['a', 'u', 'l', 'h', 'o', 'r']"
dipperent,"['d', 'i', 'p', 'p', 'e', 'r', 'e', 'n', 't']"
pyess,"['p', 'y', 'e', 's', 's']"
loarn,"['l', 'o', 'a', 'r', 'n']"
salt,"['s', 'a', 'l', 't']"
aronnd,"['a', 'r', 'o', 'n', 'n', 'd']"
prinn,"['p', 'r', 'i', 'n', 'n']"
cyurse,"['c', 'y', 'u', 'r', 's', 'e']"
joi,"['j', 'o', 'i']"
cafada,"['c', 'a', 'f', 'a', 'd', 'a']"
prwcess,"['p', 'r', 'w', 'c', 'e', 's', 's']"
tppn,"['t', 'p', 'p', 'n']"
xoom,"['x', 'o', 'o', 'm']"
stocl,"['s', 't', 'o', 'c', 'l']"
trainine,"['t', 'r', 'a', 'i', 'n', 'i', 'n', 'e']"
tee,"['t', 'e', 'e']"
credct,"['c', 'r', 'e', 'd', 'c', 't']"
potnt,"['p', 'o', 't', 'n', 't']"
foin,"['f', 'o', 'i', 'n']"
scvence,"['s', 'c', 'v', 'e', 'n', 'c', 'e']"
xen,"['x', 'e', 'n']"
cagegories,"['c', 'a', 'g', 'e', 'g', 'o', 'r', 'i', 'e', 's']"
advanckd,"['a', 'd', 'v', 'a', 'n', 'c', 'k', 'd']"
wesm,"['w', 'e', 's', 'm']"
saies,"['s', 'a', 'i', 'e', 's']"
looh,"['l', 'o', 'o', 'h']"
englivh,"['e', 'n', 'g', 'l', 'i', 'v', 'h']"
lkft,"['l', 'k', 'f', 't']"
yeam,"['y', 'e', 'a', 'm']"
lstatl,"['l', 's', 't', 'a', 't', 'l']"
bos,"['b', 'o', 's']"
cooditioos,"['c', 'o', 'o', 'd', 'i', 't', 'i', 'o', 'o', 's']"
selecv,"['s', 'e', 'l', 'e', 'c', 'v']"
wigdows,"['w', 'i', 'g', 'd', 'o', 'w', 's']"
phopos,"['p', 'h', 'o', 'p', 'o', 's']"
bay,"['b', 'a', 'y']"
threaj,"['t', 'h', 'r', 'e', 'a', 'j']"
weet,"['w', 'e', 'e', 't']"
capegory,"['c', 'a', 'p', 'e', 'g', 'o', 'r', 'y']"
uote,"['u', 'o', 't', 'e']"
live,"['l', 'i', 'v', 'e']"
yarge,"['y', 'a', 'r', 'g', 'e']"
gallnry,"['g', 'a', 'l', 'l', 'n', 'r', 'y']"
tagle,"['t', 'a', 'g', 'l', 'e']"
register,"['r', 'e', 'g', 'i', 's', 't', 'e', 'r']"
howemer,"['h', 'o', 'w', 'e', 'm', 'e', 'r']"
jute,"['j', 'u', 't', 'e']"
octobmr,"['o', 'c', 't', 'o', 'b', 'm', 'r']"
novembed,"['n', 'o', 'v', 'e', 'm', 'b', 'e', 'd']"
marmet,"['m', 'a', 'r', 'm', 'e', 't']"
aibrary,"['a', 'i', 'b', 'r', 'a', 'r', 'y']"
reallb,"['r', 'e', 'a', 'l', 'l', 'b']"
acvion,"['a', 'c', 'v', 'i', 'o', 'n']"
staft,"['s', 't', 'a', 'f', 't']"
xeriex,"['x', 'e', 'r', 'i', 'e', 'x']"
mudel,"['m', 'u', 'd', 'e', 'l']"
featujes,"['f', 'e', 'a', 't', 'u', 'j', 'e', 's']"
dir,"['d', 'i', 'r']"
hndustry,"['h', 'n', 'd', 'u', 's', 't', 'r', 'y']"
plan,"['p', 'l', 'a', 'n']"
huqan,"['h', 'u', 'q', 'a', 'n']"
prolided,"['p', 'r', 'o', 'l', 'i', 'd', 'e', 'd']"
yek,"['y', 'e', 'k']"
requyred,"['r', 'e', 'q', 'u', 'y', 'r', 'e', 'd']"
sepond,"['s', 'e', 'p', 'o', 'n', 'd']"
oot,"['o', 'o', 't']"
aaaessories,"['a', 'a', 'a', 'e', 's', 's', 'o', 'r', 'i', 'e', 's']"
czst,"['c', 'z', 's', 't']"
moviy,"['m', 'o', 'v', 'i', 'y']"
forucs,"['f', 'o', 'r', 'u', 'c', 's']"
maruh,"['m', 'a', 'r', 'u', 'h']"
september,"['s', 'e', 'p', 't', 'e', 'm', 'b', 'e', 'r']"
xetter,"['x', 'e', 't', 't', 'e', 'r']"
sky,"['s', 'k', 'y']"
questiobs,"['q', 'u', 'e', 's', 't', 'i', 'o', 'b', 's']"
julc,"['j', 'u', 'l', 'c']"
wahoo,"['w', 'a', 'h', 'o', 'o']"
goiog,"['g', 'o', 'i', 'o', 'g']"
xedical,"['x', 'e', 'd', 'i', 'c', 'a', 'l']"
tgst,"['t', 'g', 's', 't']"
yriend,"['y', 'r', 'i', 'e', 'n', 'd']"
comg,"['c', 'o', 'm', 'g']"
dbc,"['d', 'b', 'c']"
ssrvsr,"['s', 's', 'r', 'v', 's', 'r']"
seudy,"['s', 'e', 'u', 'd', 'y']"
applvcatvon,"['a', 'p', 'p', 'l', 'v', 'c', 'a', 't', 'v', 'o', 'n']"
caot,"['c', 'a', 'o', 't']"
sdaff,"['s', 'd', 'a', 'f', 'f']"
artitles,"['a', 'r', 't', 'i', 't', 'l', 'e', 's']"
sag,"['s', 'a', 'g']"
fttdback,"['f', 't', 't', 'd', 'b', 'a', 'c', 'k']"
again,"['a', 'g', 'a', 'i', 'n']"
pray,"['p', 'r', 'a', 'y']"
rooking,"['r', 'o', 'o', 'k', 'i', 'n', 'g']"
issurs,"['i', 's', 's', 'u', 'r', 's']"
tpril,"['t', 'p', 'r', 'i', 'l']"
neved,"['n', 'e', 'v', 'e', 'd']"
usejs,"['u', 's', 'e', 'j', 's']"
complmtm,"['c', 'o', 'm', 'p', 'l', 'm', 't', 'm']"
etreet,"['e', 't', 'r', 'e', 'e', 't']"
tofic,"['t', 'o', 'f', 'i', 'c']"
coooent,"['c', 'o', 'o', 'o', 'e', 'n', 't']"
finpncipl,"['f', 'i', 'n', 'p', 'n', 'c', 'i', 'p', 'l']"
thqngs,"['t', 'h', 'q', 'n', 'g', 's']"
wvrking,"['w', 'v', 'r', 'k', 'i', 'n', 'g']"
agaisst,"['a', 'g', 'a', 'i', 's', 's', 't']"
stkndkrd,"['s', 't', 'k', 'n', 'd', 'k', 'r', 'd']"
tay,"['t', 'a', 'y']"
perron,"['p', 'e', 'r', 'r', 'o', 'n']"
beoow,"['b', 'e', 'o', 'o', 'w']"
mobble,"['m', 'o', 'b', 'b', 'l', 'e']"
leaa,"['l', 'e', 'a', 'a']"
got,"['g', 'o', 't']"
blok,"['b', 'l', 'o', 'k']"
pxrty,"['p', 'x', 'r', 't', 'y']"
paymynt,"['p', 'a', 'y', 'm', 'y', 'n', 't']"
equipgent,"['e', 'q', 'u', 'i', 'p', 'g', 'e', 'n', 't']"
logif,"['l', 'o', 'g', 'i', 'f']"
stuhent,"['s', 't', 'u', 'h', 'e', 'n', 't']"
vet,"['v', 'e', 't']"
prwgrams,"['p', 'r', 'w', 'g', 'r', 'a', 'm', 's']"
dffers,"['d', 'f', 'f', 'e', 'r', 's']"
ledal,"['l', 'e', 'd', 'a', 'l']"
aeove,"['a', 'e', 'o', 'v', 'e']"
recekt,"['r', 'e', 'c', 'e', 'k', 't']"
pard,"['p', 'a', 'r', 'd']"
storls,"['s', 't', 'o', 'r', 'l', 's']"
sipe,"['s', 'i', 'p', 'e']"
abt,"['a', 'b', 't']"
uroblem,"['u', 'r', 'o', 'b', 'l', 'e', 'm']"
reu,"['r', 'e', 'u']"
giye,"['g', 'i', 'y', 'e']"
mdmory,"['m', 'd', 'm', 'o', 'r', 'y']"
prrformancr,"['p', 'r', 'r', 'f', 'o', 'r', 'm', 'a', 'n', 'c', 'r']"
sfcial,"['s', 'f', 'c', 'i', 'a', 'l']"
auguwt,"['a', 'u', 'g', 'u', 'w', 't']"
qugte,"['q', 'u', 'g', 't', 'e']"
langbage,"['l', 'a', 'n', 'g', 'b', 'a', 'g', 'e']"
ztory,"['z', 't', 'o', 'r', 'y']"
semm,"['s', 'e', 'm', 'm']"
opdions,"['o', 'p', 'd', 'i', 'o', 'n', 's']"
experiekce,"['e', 'x', 'p', 'e', 'r', 'i', 'e', 'k', 'c', 'e']"
rttes,"['r', 't', 't', 'e', 's']"
ceeate,"['c', 'e', 'e', 'a', 't', 'e']"
oey,"['o', 'e', 'y']"
bodh,"['b', 'o', 'd', 'h']"
yourg,"['y', 'o', 'u', 'r', 'g']"
amerija,"['a', 'm', 'e', 'r', 'i', 'j', 'a']"
importint,"['i', 'm', 'p', 'o', 'r', 't', 'i', 'n', 't']"
fielv,"['f', 'i', 'e', 'l', 'v']"
fsw,"['f', 's', 'w']"
eqst,"['e', 'q', 's', 't']"
haher,"['h', 'a', 'h', 'e', 'r']"
singse,"['s', 'i', 'n', 'g', 's', 'e']"
ave,"['a', 'v', 'e']"
acmivimies,"['a', 'c', 'm', 'i', 'v', 'i', 'm', 'i', 'e', 's']"
caub,"['c', 'a', 'u', 'b']"
ezample,"['e', 'z', 'a', 'm', 'p', 'l', 'e']"
nirls,"['n', 'i', 'r', 'l', 's']"
aaaitional,"['a', 'a', 'a', 'i', 't', 'i', 'o', 'n', 'a', 'l']"
passwzrd,"['p', 'a', 's', 's', 'w', 'z', 'r', 'd']"
latezt,"['l', 'a', 't', 'e', 'z', 't']"
romething,"['r', 'o', 'm', 'e', 't', 'h', 'i', 'n', 'g']"
ropd,"['r', 'o', 'p', 'd']"
gimt,"['g', 'i', 'm', 't']"
quextion,"['q', 'u', 'e', 'x', 't', 'i', 'o', 'n']"
chadges,"['c', 'h', 'a', 'd', 'g', 'e', 's']"
niiht,"['n', 'i', 'i', 'h', 't']"
hart,"['h', 'a', 'r', 't']"
tegas,"['t', 'e', 'g', 'a', 's']"
ocd,"['o', 'c', 'd']"
pag,"['p', 'a', 'g']"
fvur,"['f', 'v', 'u', 'r']"
poken,"['p', 'o', 'k', 'e', 'n']"
stltus,"['s', 't', 'l', 't', 'u', 's']"
urowse,"['u', 'r', 'o', 'w', 's', 'e']"
yssue,"['y', 's', 's', 'u', 'e']"
rangv,"['r', 'a', 'n', 'g', 'v']"
buinding,"['b', 'u', 'i', 'n', 'd', 'i', 'n', 'g']"
syllyr,"['s', 'y', 'l', 'l', 'y', 'r']"
courd,"['c', 'o', 'u', 'r', 'd']"
februlry,"['f', 'e', 'b', 'r', 'u', 'l', 'r', 'y']"
alwayl,"['a', 'l', 'w', 'a', 'y', 'l']"
remult,"['r', 'e', 'm', 'u', 'l', 't']"
audis,"['a', 'u', 'd', 'i', 's']"
qight,"['q', 'i', 'g', 'h', 't']"
writp,"['w', 'r', 'i', 't', 'p']"
wir,"['w', 'i', 'r']"
bov,"['b', 'o', 'v']"
offur,"['o', 'f', 'f', 'u', 'r']"
blua,"['b', 'l', 'u', 'a']"
groips,"['g', 'r', 'o', 'i', 'p', 's']"
eamy,"['e', 'a', 'm', 'y']"
liven,"['l', 'i', 'v', 'e', 'n']"
filqs,"['f', 'i', 'l', 'q', 's']"
evenh,"['e', 'v', 'e', 'n', 'h']"
rekease,"['r', 'e', 'k', 'e', 'a', 's', 'e']"
alalysis,"['a', 'l', 'a', 'l', 'y', 's', 'i', 's']"
rpqupst,"['r', 'p', 'q', 'u', 'p', 's', 't']"
frx,"['f', 'r', 'x']"
cfina,"['c', 'f', 'i', 'n', 'a']"
makang,"['m', 'a', 'k', 'a', 'n', 'g']"
pictude,"['p', 'i', 'c', 't', 'u', 'd', 'e']"
needc,"['n', 'e', 'e', 'd', 'c']"
possibqe,"['p', 'o', 's', 's', 'i', 'b', 'q', 'e']"
mwght,"['m', 'w', 'g', 'h', 't']"
professional,"['p', 'r', 'o', 'f', 'e', 's', 's', 'i', 'o', 'n', 'a', 'l']"
ret,"['r', 'e', 't']"
molth,"['m', 'o', 'l', 't', 'h']"
najor,"['n', 'a', 'j', 'o', 'r']"
stap,"['s', 't', 'a', 'p']"
areal,"['a', 'r', 'e', 'a', 'l']"
fetere,"['f', 'e', 't', 'e', 'r', 'e']"
spacp,"['s', 'p', 'a', 'c', 'p']"
commkttee,"['c', 'o', 'm', 'm', 'k', 't', 't', 'e', 'e']"
hhnd,"['h', 'h', 'n', 'd']"
iun,"['i', 'u', 'n']"
carss,"['c', 'a', 'r', 's', 's']"
pwoblems,"['p', 'w', 'o', 'b', 'l', 'e', 'm', 's']"
lhndhn,"['l', 'h', 'n', 'd', 'h', 'n']"
wcshington,"['w', 'c', 's', 'h', 'i', 'n', 'g', 't', 'o', 'n']"
keeting,"['k', 'e', 'e', 't', 'i', 'n', 'g']"
nss,"['n', 's', 's']"
becume,"['b', 'e', 'c', 'u', 'm', 'e']"
hnterest,"['h', 'n', 't', 'e', 'r', 'e', 's', 't']"
chwld,"['c', 'h', 'w', 'l', 'd']"
kllp,"['k', 'l', 'l', 'p']"
enoer,"['e', 'n', 'o', 'e', 'r']"
ualifornia,"['u', 'a', 'l', 'i', 'f', 'o', 'r', 'n', 'i', 'a']"
porx,"['p', 'o', 'r', 'x']"
seare,"['s', 'e', 'a', 'r', 'e']"
simiqar,"['s', 'i', 'm', 'i', 'q', 'a', 'r']"
gardet,"['g', 'a', 'r', 'd', 'e', 't']"
sjhools,"['s', 'j', 'h', 'o', 'o', 'l', 's']"
miggion,"['m', 'i', 'g', 'g', 'i', 'o', 'n']"
pdded,"['p', 'd', 'd', 'e', 'd']"
rlflrlncl,"['r', 'l', 'f', 'l', 'r', 'l', 'n', 'c', 'l']"
compaeies,"['c', 'o', 'm', 'p', 'a', 'e', 'i', 'e', 's']"
lirted,"['l', 'i', 'r', 't', 'e', 'd']"
babh,"['b', 'a', 'b', 'h']"
learngng,"['l', 'e', 'a', 'r', 'n', 'g', 'n', 'g']"
enesgy,"['e', 'n', 'e', 's', 'g', 'y']"
mun,"['m', 'u', 'n']"
deljvery,"['d', 'e', 'l', 'j', 'v', 'e', 'r', 'y']"
neb,"['n', 'e', 'b']"
populsr,"['p', 'o', 'p', 'u', 'l', 's', 'r']"
tecm,"['t', 'e', 'c', 'm']"
fizm,"['f', 'i', 'z', 'm']"
storiss,"['s', 't', 'o', 'r', 'i', 's', 's']"
puf,"['p', 'u', 'f']"
cosputers,"['c', 'o', 's', 'p', 'u', 't', 'e', 'r', 's']"
rournal,"['r', 'o', 'u', 'r', 'n', 'a', 'l']"
rrports,"['r', 'r', 'p', 'o', 'r', 't', 's']"
lry,"['l', 'r', 'y']"
wxlcomx,"['w', 'x', 'l', 'c', 'o', 'm', 'x']"
centrkl,"['c', 'e', 'n', 't', 'r', 'k', 'l']"
tmages,"['t', 'm', 'a', 'g', 'e', 's']"
pwesident,"['p', 'w', 'e', 's', 'i', 'd', 'e', 'n', 't']"
noticf,"['n', 'o', 't', 'i', 'c', 'f']"
ood,"['o', 'o', 'd']"
origital,"['o', 'r', 'i', 'g', 'i', 't', 'a', 'l']"
heed,"['h', 'e', 'e', 'd']"
ratio,"['r', 'a', 't', 'i', 'o']"
undil,"['u', 'n', 'd', 'i', 'l']"
clll,"['c', 'l', 'l', 'l']"
cslsr,"['c', 's', 'l', 's', 'r']"
delf,"['d', 'e', 'l', 'f']"
corncil,"['c', 'o', 'r', 'n', 'c', 'i', 'l']"
owoy,"['o', 'w', 'o', 'y']"
incvudes,"['i', 'n', 'c', 'v', 'u', 'd', 'e', 's']"
trock,"['t', 'r', 'o', 'c', 'k']"
auspralia,"['a', 'u', 's', 'p', 'r', 'a', 'l', 'i', 'a']"
descusseon,"['d', 'e', 's', 'c', 'u', 's', 's', 'e', 'o', 'n']"
archife,"['a', 'r', 'c', 'h', 'i', 'f', 'e']"
oncf,"['o', 'n', 'c', 'f']"
othecs,"['o', 't', 'h', 'e', 'c', 's']"
entertyinment,"['e', 'n', 't', 'e', 'r', 't', 'y', 'i', 'n', 'm', 'e', 'n', 't']"
agreemeit,"['a', 'g', 'r', 'e', 'e', 'm', 'e', 'i', 't']"
forhat,"['f', 'o', 'r', 'h', 'a', 't']"
reast,"['r', 'e', 'a', 's', 't']"
socieuy,"['s', 'o', 'c', 'i', 'e', 'u', 'y']"
monwhs,"['m', 'o', 'n', 'w', 'h', 's']"
lyg,"['l', 'y', 'g']"
safeky,"['s', 'a', 'f', 'e', 'k', 'y']"
ariends,"['a', 'r', 'i', 'e', 'n', 'd', 's']"
sjre,"['s', 'j', 'r', 'e']"
naq,"['n', 'a', 'q']"
lrade,"['l', 'r', 'a', 'd', 'e']"
edilion,"['e', 'd', 'i', 'l', 'i', 'o', 'n']"
hars,"['h', 'a', 'r', 's']"
mfssagfs,"['m', 'f', 's', 's', 'a', 'g', 'f', 's']"
markeking,"['m', 'a', 'r', 'k', 'e', 'k', 'i', 'n', 'g']"
tyll,"['t', 'y', 'l', 'l']"
furtqer,"['f', 'u', 'r', 't', 'q', 'e', 'r']"
updeted,"['u', 'p', 'd', 'e', 't', 'e', 'd']"
bssocibtion,"['b', 's', 's', 'o', 'c', 'i', 'b', 't', 'i', 'o', 'n']"
jble,"['j', 'b', 'l', 'e']"
havimg,"['h', 'a', 'v', 'i', 'm', 'g']"
prhvides,"['p', 'r', 'h', 'v', 'i', 'd', 'e', 's']"
tavit,"['t', 'a', 'v', 'i', 't']"
fgn,"['f', 'g', 'n']"
alreaxy,"['a', 'l', 'r', 'e', 'a', 'x', 'y']"
rreen,"['r', 'r', 'e', 'e', 'n']"
stuvies,"['s', 't', 'u', 'v', 'i', 'e', 's']"
alose,"['a', 'l', 'o', 's', 'e']"
kommon,"['k', 'o', 'm', 'm', 'o', 'n']"
srive,"['s', 'r', 'i', 'v', 'e']"
hpecific,"['h', 'p', 'e', 'c', 'i', 'f', 'i', 'c']"
sevecal,"['s', 'e', 'v', 'e', 'c', 'a', 'l']"
gopd,"['g', 'o', 'p', 'd']"
ieb,"['i', 'e', 'b']"
liding,"['l', 'i', 'd', 'i', 'n', 'g']"
swp,"['s', 'w', 'p']"
commection,"['c', 'o', 'm', 'm', 'e', 'c', 't', 'i', 'o', 'n']"
cadded,"['c', 'a', 'd', 'd', 'e', 'd']"
shoct,"['s', 'h', 'o', 'c', 't']"
acts,"['a', 'c', 't', 's']"
got,"['g', 'o', 't']"
ast,"['a', 's', 't']"
disflay,"['d', 'i', 's', 'f', 'l', 'a', 'y']"
limitmd,"['l', 'i', 'm', 'i', 't', 'm', 'd']"
prwered,"['p', 'r', 'w', 'e', 'r', 'e', 'd']"
sobutions,"['s', 'o', 'b', 'u', 't', 'i', 'o', 'n', 's']"
meaps,"['m', 'e', 'a', 'p', 's']"
directur,"['d', 'i', 'r', 'e', 'c', 't', 'u', 'r']"
daaly,"['d', 'a', 'a', 'l', 'y']"
beach,"['b', 'e', 'a', 'c', 'h']"
pzst,"['p', 'z', 's', 't']"
nwturwl,"['n', 'w', 't', 'u', 'r', 'w', 'l']"
whehher,"['w', 'h', 'e', 'h', 'h', 'e', 'r']"
duw,"['d', 'u', 'w']"
flfctronics,"['f', 'l', 'f', 'c', 't', 'r', 'o', 'n', 'i', 'c', 's']"
fivr,"['f', 'i', 'v', 'r']"
kpon,"['k', 'p', 'o', 'n']"
psriod,"['p', 's', 'r', 'i', 'o', 'd']"
planntng,"['p', 'l', 'a', 'n', 'n', 't', 'n', 'g']"
databade,"['d', 'a', 't', 'a', 'b', 'a', 'd', 'e']"
saos,"['s', 'a', 'o', 's']"
offxcxal,"['o', 'f', 'f', 'x', 'c', 'x', 'a', 'l']"
weether,"['w', 'e', 'e', 't', 'h', 'e', 'r']"
sar,"['s', 'a', 'r']"
lhnd,"['l', 'h', 'n', 'd']"
jverjge,"['j', 'v', 'e', 'r', 'j', 'g', 'e']"
kone,"['k', 'o', 'n', 'e']"
techhical,"['t', 'e', 'c', 'h', 'h', 'i', 'c', 'a', 'l']"
winwow,"['w', 'i', 'n', 'w', 'o', 'w']"
vrance,"['v', 'r', 'a', 'n', 'c', 'e']"
pso,"['p', 's', 'o']"
regfon,"['r', 'e', 'g', 'f', 'o', 'n']"
isrand,"['i', 's', 'r', 'a', 'n', 'd']"
recurd,"['r', 'e', 'c', 'u', 'r', 'd']"
direft,"['d', 'i', 'r', 'e', 'f', 't']"
microsofz,"['m', 'i', 'c', 'r', 'o', 's', 'o', 'f', 'z']"
cinference,"['c', 'i', 'n', 'f', 'e', 'r', 'e', 'n', 'c', 'e']"
mnvironmmnt,"['m', 'n', 'v', 'i', 'r', 'o', 'n', 'm', 'm', 'n', 't']"
recoras,"['r', 'e', 'c', 'o', 'r', 'a', 's']"
distrint,"['d', 'i', 's', 't', 'r', 'i', 'n', 't']"
celender,"['c', 'e', 'l', 'e', 'n', 'd', 'e', 'r']"
cwsts,"['c', 'w', 's', 't', 's']"
styla,"['s', 't', 'y', 'l', 'a']"
jrl,"['j', 'r', 'l']"
frout,"['f', 'r', 'o', 'u', 't']"
statememt,"['s', 't', 'a', 't', 'e', 'm', 'e', 'm', 't']"
updape,"['u', 'p', 'd', 'a', 'p', 'e']"
yarts,"['y', 'a', 'r', 't', 's']"
amg,"['a', 'm', 'g']"
avar,"['a', 'v', 'a', 'r']"
dowsloads,"['d', 'o', 'w', 's', 'l', 'o', 'a', 'd', 's']"
earlz,"['e', 'a', 'r', 'l', 'z']"
mileh,"['m', 'i', 'l', 'e', 'h']"
sotnd,"['s', 'o', 't', 'n', 'd']"
rosourco,"['r', 'o', 's', 'o', 'u', 'r', 'c', 'o']"
prebent,"['p', 'r', 'e', 'b', 'e', 'n', 't']"
applicationc,"['a', 'p', 'p', 'l', 'i', 'c', 'a', 't', 'i', 'o', 'n', 'c']"
eithev,"['e', 'i', 't', 'h', 'e', 'v']"
aio,"['a', 'i', 'o']"
decument,"['d', 'e', 'c', 'u', 'm', 'e', 'n', 't']"
wort,"['w', 'o', 'r', 't']"
worka,"['w', 'o', 'r', 'k', 'a']"
marerial,"['m', 'a', 'r', 'e', 'r', 'i', 'a', 'l']"
eill,"['e', 'i', 'l', 'l']"
aer,"['a', 'e', 'r']"
wgitten,"['w', 'g', 'i', 't', 't', 'e', 'n']"
falk,"['f', 'a', 'l', 'k']"
wederal,"['w', 'e', 'd', 'e', 'r', 'a', 'l']"
hostinm,"['h', 'o', 's', 't', 'i', 'n', 'm']"
ruues,"['r', 'u', 'u', 'e', 's']"
finan,"['f', 'i', 'n', 'a', 'n']"
vdult,"['v', 'd', 'u', 'l', 't']"
tickfts,"['t', 'i', 'c', 'k', 'f', 't', 's']"
tving,"['t', 'v', 'i', 'n', 'g']"
centhe,"['c', 'e', 'n', 't', 'h', 'e']"
requiremezts,"['r', 'e', 'q', 'u', 'i', 'r', 'e', 'm', 'e', 'z', 't', 's']"
viv,"['v', 'i', 'v']"
cyeap,"['c', 'y', 'e', 'a', 'p']"
nudm,"['n', 'u', 'd', 'm']"
kyds,"['k', 'y', 'd', 's']"
fijajce,"['f', 'i', 'j', 'a', 'j', 'c', 'e']"
trne,"['t', 'r', 'n', 'e']"
minutet,"['m', 'i', 'n', 'u', 't', 'e', 't']"
elte,"['e', 'l', 't', 'e']"
mazk,"['m', 'a', 'z', 'k']"
thcrd,"['t', 'h', 'c', 'r', 'd']"
rouk,"['r', 'o', 'u', 'k']"
bifts,"['b', 'i', 'f', 't', 's']"
ewrope,"['e', 'w', 'r', 'o', 'p', 'e']"
rxading,"['r', 'x', 'a', 'd', 'i', 'n', 'g']"
towics,"['t', 'o', 'w', 'i', 'c', 's']"
baw,"['b', 'a', 'w']"
imdividual,"['i', 'm', 'd', 'i', 'v', 'i', 'd', 'u', 'a', 'l']"
tits,"['t', 'i', 't', 's']"
plgs,"['p', 'l', 'g', 's']"
duto,"['d', 'u', 't', 'o']"
cwver,"['c', 'w', 'v', 'e', 'r']"
usuxlly,"['u', 's', 'u', 'x', 'l', 'l', 'y']"
edin,"['e', 'd', 'i', 'n']"
togetheb,"['t', 'o', 'g', 'e', 't', 'h', 'e', 'b']"
viders,"['v', 'i', 'd', 'e', 'r', 's']"
pegcent,"['p', 'e', 'g', 'c', 'e', 'n', 't']"
fsst,"['f', 's', 's', 't']"
functson,"['f', 'u', 'n', 'c', 't', 's', 'o', 'n']"
oact,"['o', 'a', 'c', 't']"
ynit,"['y', 'n', 'i', 't']"
gejjing,"['g', 'e', 'j', 'j', 'i', 'n', 'g']"
globcl,"['g', 'l', 'o', 'b', 'c', 'l']"
aech,"['a', 'e', 'c', 'h']"
meek,"['m', 'e', 'e', 'k']"
oar,"['o', 'a', 'r']"
bconomic,"['b', 'c', 'o', 'n', 'o', 'm', 'i', 'c']"
playbr,"['p', 'l', 'a', 'y', 'b', 'r']"
pdojects,"['p', 'd', 'o', 'j', 'e', 'c', 't', 's']"
lirics,"['l', 'i', 'r', 'i', 'c', 's']"
fften,"['f', 'f', 't', 'e', 'n']"
subscrkbe,"['s', 'u', 'b', 's', 'c', 'r', 'k', 'b', 'e']"
shbmit,"['s', 'h', 'b', 'm', 'i', 't']"
genmany,"['g', 'e', 'n', 'm', 'a', 'n', 'y']"
imount,"['i', 'm', 'o', 'u', 'n', 't']"
wmtch,"['w', 'm', 't', 'c', 'h']"
hncluded,"['h', 'n', 'c', 'l', 'u', 'd', 'e', 'd']"
fssl,"['f', 's', 's', 'l']"
thbugh,"['t', 'h', 'b', 'u', 'g', 'h']"
bahk,"['b', 'a', 'h', 'k']"
riak,"['r', 'i', 'a', 'k']"
thanko,"['t', 'h', 'a', 'n', 'k', 'o']"
everythini,"['e', 'v', 'e', 'r', 'y', 't', 'h', 'i', 'n', 'i']"
ddals,"['d', 'd', 'a', 'l', 's']"
varioks,"['v', 'a', 'r', 'i', 'o', 'k', 's']"
woads,"['w', 'o', 'a', 'd', 's']"
linuu,"['l', 'i', 'n', 'u', 'u']"
jun,"['j', 'u', 'n']"
prodection,"['p', 'r', 'o', 'd', 'e', 'c', 't', 'i', 'o', 'n']"
cjmmercial,"['c', 'j', 'm', 'm', 'e', 'r', 'c', 'i', 'a', 'l']"
jahes,"['j', 'a', 'h', 'e', 's']"
weigha,"['w', 'e', 'i', 'g', 'h', 'a']"
towb,"['t', 'o', 'w', 'b']"
heare,"['h', 'e', 'a', 'r', 'e']"
advertiging,"['a', 'd', 'v', 'e', 'r', 't', 'i', 'g', 'i', 'n', 'g']"
redeived,"['r', 'e', 'd', 'e', 'i', 'v', 'e', 'd']"
choosn,"['c', 'h', 'o', 'o', 's', 'n']"
tseatment,"['t', 's', 'e', 'a', 't', 'm', 'e', 'n', 't']"
newsletteu,"['n', 'e', 'w', 's', 'l', 'e', 't', 't', 'e', 'u']"
arcqives,"['a', 'r', 'c', 'q', 'i', 'v', 'e', 's']"
poijts,"['p', 'o', 'i', 'j', 't', 's']"
knowlwdgw,"['k', 'n', 'o', 'w', 'l', 'w', 'd', 'g', 'w']"
magazins,"['m', 'a', 'g', 'a', 'z', 'i', 'n', 's']"
crror,"['c', 'r', 'r', 'o', 'r']"
camexa,"['c', 'a', 'm', 'e', 'x', 'a']"
jon,"['j', 'o', 'n']"
tirl,"['t', 'i', 'r', 'l']"
curreftly,"['c', 'u', 'r', 'r', 'e', 'f', 't', 'l', 'y']"
ctnstructitn,"['c', 't', 'n', 's', 't', 'r', 'u', 'c', 't', 'i', 't', 'n']"
joys,"['j', 'o', 'y', 's']"
registered,"['r', 'e', 'g', 'i', 's', 't', 'e', 'r', 'e', 'd']"
cleae,"['c', 'l', 'e', 'a', 'e']"
golb,"['g', 'o', 'l', 'b']"
reheive,"['r', 'e', 'h', 'e', 'i', 'v', 'e']"
ddmain,"['d', 'd', 'm', 'a', 'i', 'n']"
muthods,"['m', 'u', 't', 'h', 'o', 'd', 's']"
chapber,"['c', 'h', 'a', 'p', 'b', 'e', 'r']"
mxkes,"['m', 'x', 'k', 'e', 's']"
pyotection,"['p', 'y', 'o', 't', 'e', 'c', 't', 'i', 'o', 'n']"
policiev,"['p', 'o', 'l', 'i', 'c', 'i', 'e', 'v']"
loaj,"['l', 'o', 'a', 'j']"
widr,"['w', 'i', 'd', 'r']"
beawty,"['b', 'e', 'a', 'w', 't', 'y']"
manayer,"['m', 'a', 'n', 'a', 'y', 'e', 'r']"
indit,"['i', 'n', 'd', 'i', 't']"
positioh,"['p', 'o', 's', 'i', 't', 'i', 'o', 'h']"
tazen,"['t', 'a', 'z', 'e', 'n']"
sont,"['s', 'o', 'n', 't']"
lisqings,"['l', 'i', 's', 'q', 'i', 'n', 'g', 's']"
mtdels,"['m', 't', 'd', 'e', 'l', 's']"
mtchael,"['m', 't', 'c', 'h', 'a', 'e', 'l']"
kncwn,"['k', 'n', 'c', 'w', 'n']"
salf,"['s', 'a', 'l', 'f']"
cashs,"['c', 'a', 's', 'h', 's']"
steg,"['s', 't', 'e', 'g']"
dnginddring,"['d', 'n', 'g', 'i', 'n', 'd', 'd', 'r', 'i', 'n', 'g']"
fcorida,"['f', 'c', 'o', 'r', 'i', 'd', 'a']"
himple,"['h', 'i', 'm', 'p', 'l', 'e']"
quitk,"['q', 'u', 'i', 't', 'k']"
nqne,"['n', 'q', 'n', 'e']"
wireless,"['w', 'i', 'r', 'e', 'l', 'e', 's', 's']"
liqense,"['l', 'i', 'q', 'e', 'n', 's', 'e']"
padl,"['p', 'a', 'd', 'l']"
fridaa,"['f', 'r', 'i', 'd', 'a', 'a']"
lakh,"['l', 'a', 'k', 'h']"
dhole,"['d', 'h', 'o', 'l', 'e']"
annuac,"['a', 'n', 'n', 'u', 'a', 'c']"
publishkd,"['p', 'u', 'b', 'l', 'i', 's', 'h', 'k', 'd']"
laber,"['l', 'a', 'b', 'e', 'r']"
bksic,"['b', 'k', 's', 'i', 'c']"
souy,"['s', 'o', 'u', 'y']"
seows,"['s', 'e', 'o', 'w', 's']"
corjorate,"['c', 'o', 'r', 'j', 'o', 'r', 'a', 't', 'e']"
googlt,"['g', 'o', 'o', 'g', 'l', 't']"
ceurce,"['c', 'e', 'u', 'r', 'c', 'e']"
method,"['m', 'e', 't', 'h', 'o', 'd']"
plrchase,"['p', 'l', 'r', 'c', 'h', 'a', 's', 'e']"
customers,"['c', 'u', 's', 't', 'o', 'm', 'e', 'r', 's']"
lctive,"['l', 'c', 't', 'i', 'v', 'e']"
reslonse,"['r', 'e', 's', 'l', 'o', 'n', 's', 'e']"
pryctice,"['p', 'r', 'y', 'c', 't', 'i', 'c', 'e']"
xardware,"['x', 'a', 'r', 'd', 'w', 'a', 'r', 'e']"
fogure,"['f', 'o', 'g', 'u', 'r', 'e']"
matewials,"['m', 'a', 't', 'e', 'w', 'i', 'a', 'l', 's']"
fike,"['f', 'i', 'k', 'e']"
hrliday,"['h', 'r', 'l', 'i', 'd', 'a', 'y']"
chab,"['c', 'h', 'a', 'b']"
enouoh,"['e', 'n', 'o', 'u', 'o', 'h']"
desigted,"['d', 'e', 's', 'i', 'g', 't', 'e', 'd']"
alona,"['a', 'l', 'o', 'n', 'a']"
amond,"['a', 'm', 'o', 'n', 'd']"
deauh,"['d', 'e', 'a', 'u', 'h']"
wrwtwng,"['w', 'r', 'w', 't', 'w', 'n', 'g']"
speeo,"['s', 'p', 'e', 'e', 'o']"
rtml,"['r', 't', 'm', 'l']"
counthies,"['c', 'o', 'u', 'n', 't', 'h', 'i', 'e', 's']"
lyss,"['l', 'y', 's', 's']"
fawe,"['f', 'a', 'w', 'e']"
brand,"['b', 'r', 'a', 'n', 'd']"
discount,"['d', 'i', 's', 'c', 'o', 'u', 'n', 't']"
hiaher,"['h', 'i', 'a', 'h', 'e', 'r']"
effeits,"['e', 'f', 'f', 'e', 'i', 't', 's']"
creaned,"['c', 'r', 'e', 'a', 'n', 'e', 'd']"
reyeyber,"['r', 'e', 'y', 'e', 'y', 'b', 'e', 'r']"
stanqarqs,"['s', 't', 'a', 'n', 'q', 'a', 'r', 'q', 's']"
yil,"['y', 'i', 'l']"
big,"['b', 'i', 'g']"
lellow,"['l', 'e', 'l', 'l', 'o', 'w']"
politilal,"['p', 'o', 'l', 'i', 't', 'i', 'l', 'a', 'l']"
gncrease,"['g', 'n', 'c', 'r', 'e', 'a', 's', 'e']"
adverwise,"['a', 'd', 'v', 'e', 'r', 'w', 'i', 's', 'e']"
kimgdom,"['k', 'i', 'm', 'g', 'd', 'o', 'm']"
baae,"['b', 'a', 'a', 'e']"
neir,"['n', 'e', 'i', 'r']"
enjironmental,"['e', 'n', 'j', 'i', 'r', 'o', 'n', 'm', 'e', 'n', 't', 'a', 'l']"
thought,"['t', 'h', 'o', 'u', 'g', 'h', 't']"
stull,"['s', 't', 'u', 'l', 'l']"
frencd,"['f', 'r', 'e', 'n', 'c', 'd']"
storags,"['s', 't', 'o', 'r', 'a', 'g', 's']"
jahan,"['j', 'a', 'h', 'a', 'n']"
doine,"['d', 'o', 'i', 'n', 'e']"
loins,"['l', 'o', 'i', 'n', 's']"
shoos,"['s', 'h', 'o', 'o', 's']"
entrt,"['e', 'n', 't', 'r', 't']"
ftay,"['f', 't', 'a', 'y']"
natuye,"['n', 'a', 't', 'u', 'y', 'e']"
brders,"['b', 'r', 'd', 'e', 'r', 's']"
avajlabjljty,"['a', 'v', 'a', 'j', 'l', 'a', 'b', 'j', 'l', 'j', 't', 'y']"
akrica,"['a', 'k', 'r', 'i', 'c', 'a']"
ssmmary,"['s', 's', 'm', 'm', 'a', 'r', 'y']"
yurn,"['y', 'u', 'r', 'n']"
wean,"['w', 'e', 'a', 'n']"
gruwth,"['g', 'r', 'u', 'w', 't', 'h']"
noteq,"['n', 'o', 't', 'e', 'q']"
xgency,"['x', 'g', 'e', 'n', 'c', 'y']"
kieg,"['k', 'i', 'e', 'g']"
munday,"['m', 'u', 'n', 'd', 'a', 'y']"
eurepean,"['e', 'u', 'r', 'e', 'p', 'e', 'a', 'n']"
acuiviuy,"['a', 'c', 'u', 'i', 'v', 'i', 'u', 'y']"
copz,"['c', 'o', 'p', 'z']"
altkougk,"['a', 'l', 't', 'k', 'o', 'u', 'g', 'k']"
drwg,"['d', 'r', 'w', 'g']"
pics,"['p', 'i', 'c', 's']"
westeen,"['w', 'e', 's', 't', 'e', 'e', 'n']"
incope,"['i', 'n', 'c', 'o', 'p', 'e']"
foyce,"['f', 'o', 'y', 'c', 'e']"
carh,"['c', 'a', 'r', 'h']"
emplomment,"['e', 'm', 'p', 'l', 'o', 'm', 'm', 'e', 'n', 't']"
oferall,"['o', 'f', 'e', 'r', 'a', 'l', 'l']"
bxy,"['b', 'x', 'y']"
oiveo,"['o', 'i', 'v', 'e', 'o']"
commijjion,"['c', 'o', 'm', 'm', 'i', 'j', 'j', 'i', 'o', 'n']"
packake,"['p', 'a', 'c', 'k', 'a', 'k', 'e']"
yontents,"['y', 'o', 'n', 't', 'e', 'n', 't', 's']"
ceen,"['c', 'e', 'e', 'n']"
planers,"['p', 'l', 'a', 'n', 'e', 'r', 's']"
enbine,"['e', 'n', 'b', 'i', 'n', 'e']"
uort,"['u', 'o', 'r', 't']"
albui,"['a', 'l', 'b', 'u', 'i']"
regionol,"['r', 'e', 'g', 'i', 'o', 'n', 'o', 'l']"
soop,"['s', 'o', 'o', 'p']"
supplkes,"['s', 'u', 'p', 'p', 'l', 'k', 'e', 's']"
ttarted,"['t', 't', 'a', 'r', 't', 'e', 'd']"
administration,"['a', 'd', 'm', 'i', 'n', 'i', 's', 't', 'r', 'a', 't', 'i', 'o', 'n']"
bax,"['b', 'a', 'x']"
fnstftute,"['f', 'n', 's', 't', 'f', 't', 'u', 't', 'e']"
viewb,"['v', 'i', 'e', 'w', 'b']"
rlans,"['r', 'l', 'a', 'n', 's']"
dohble,"['d', 'o', 'h', 'b', 'l', 'e']"
dug,"['d', 'u', 'g']"
bukld,"['b', 'u', 'k', 'l', 'd']"
screen,"['s', 'c', 'r', 'e', 'e', 'n']"
exshange,"['e', 'x', 's', 'h', 'a', 'n', 'g', 'e']"
tybes,"['t', 'y', 'b', 'e', 's']"
coon,"['c', 'o', 'o', 'n']"
fponfored,"['f', 'p', 'o', 'n', 'f', 'o', 'r', 'e', 'd']"
lpnes,"['l', 'p', 'n', 'e', 's']"
electronic,"['e', 'l', 'e', 'c', 't', 'r', 'o', 'n', 'i', 'c']"
ccntinue,"['c', 'c', 'n', 't', 'i', 'n', 'u', 'e']"
acroaa,"['a', 'c', 'r', 'o', 'a', 'a']"
beyefits,"['b', 'e', 'y', 'e', 'f', 'i', 't', 's']"
nqqdqd,"['n', 'q', 'q', 'd', 'q', 'd']"
seasoo,"['s', 'e', 'a', 's', 'o', 'o']"
tpply,"['t', 'p', 'p', 'l', 'y']"
bomeone,"['b', 'o', 'm', 'e', 'o', 'n', 'e']"
hejd,"['h', 'e', 'j', 'd']"
anytming,"['a', 'n', 'y', 't', 'm', 'i', 'n', 'g']"
prfnter,"['p', 'r', 'f', 'n', 't', 'e', 'r']"
condktkon,"['c', 'o', 'n', 'd', 'k', 't', 'k', 'o', 'n']"
effecnive,"['e', 'f', 'f', 'e', 'c', 'n', 'i', 'v', 'e']"
telieve,"['t', 'e', 'l', 'i', 'e', 'v', 'e']"
