obj,input,label,tar
t,"['t', 'h', 'e']","[' ', 'h', 'e']",
a,"['a', 'n', 'd']","[' ', 'n', 'd']",
o,"['f', 'o', 'r']","['f', ' ', 'r']",
a,"['t', 'h', 'a', 't']","['t', 'h', ' ', 't']",
s,"['t', 'h', 'i', 's']","['t', 'h', 'i', ' ']",
w,"['w', 'i', 't', 'h']","[' ', 'i', 't', 'h']",
o,"['y', 'o', 'u']","['y', ' ', 'u']",
o,"['n', 'o', 't']","['n', ' ', 't']",
r,"['a', 'r', 'e']","['a', ' ', 'e']",
f,"['f', 'r', 'o', 'm']","[' ', 'r', 'o', 'm']",
o,"['y', 'o', 'u', 'r']","['y', ' ', 'u', 'r']",
l,"['a', 'l', 'l']","['a', ' ', ' ']",
a,"['h', 'a', 'v', 'e']","['h', ' ', 'v', 'e']",
n,"['n', 'e', 'w']","[' ', 'e', 'w']",
r,"['m', 'o', 'r', 'e']","['m', 'o', ' ', 'e']",
w,"['w', 'a', 's']","[' ', 'a', 's']",
w,"['w', 'i', 'l', 'l']","[' ', 'i', 'l', 'l']",
o,"['h', 'o', 'm', 'e']","['h', ' ', 'm', 'e']",
a,"['c', 'a', 'n']","['c', ' ', 'n']",
t,"['a', 'b', 'o', 'u', 't']","['a', 'b', 'o', 'u', ' ']",
e,"['p', 'a', 'g', 'e']","['p', 'a', 'g', ' ']",
s,"['h', 'a', 's']","['h', 'a', ' ']",
e,"['s', 'e', 'a', 'r', 'c', 'h']","['s', ' ', 'a', 'r', 'c', 'h']",
r,"['f', 'r', 'e', 'e']","['f', ' ', 'e', 'e']",
t,"['b', 'u', 't']","['b', 'u', ' ']",
u,"['o', 'u', 'r']","['o', ' ', 'r']",
o,"['o', 'n', 'e']","[' ', 'n', 'e']",
e,"['o', 't', 'h', 'e', 'r']","['o', 't', 'h', ' ', 'r']",
a,"['i', 'n', 'f', 'o', 'r', 'm', 'a', 't', 'i', 'o', 'n']","['i', 'n', 'f', 'o', 'r', 'm', ' ', 't', 'i', 'o', 'n']",
t,"['t', 'i', 'm', 'e']","[' ', 'i', 'm', 'e']",
e,"['t', 'h', 'e', 'y']","['t', 'h', ' ', 'y']",
e,"['s', 'i', 't', 'e']","['s', 'i', 't', ' ']",
m,"['m', 'a', 'y']","[' ', 'a', 'y']",
t,"['w', 'h', 'a', 't']","['w', 'h', 'a', ' ']",
h,"['w', 'h', 'i', 'c', 'h']","['w', ' ', 'i', 'c', ' ']",
h,"['t', 'h', 'e', 'i', 'r']","['t', ' ', 'e', 'i', 'r']",
n,"['n', 'e', 'w', 's']","[' ', 'e', 'w', 's']",
u,"['o', 'u', 't']","['o', ' ', 't']",
e,"['u', 's', 'e']","['u', 's', ' ']",
a,"['a', 'n', 'y']","[' ', 'n', 'y']",
h,"['t', 'h', 'e', 'r', 'e']","['t', ' ', 'e', 'r', 'e']",
e,"['s', 'e', 'e']","['s', ' ', ' ']",
l,"['o', 'n', 'l', 'y']","['o', 'n', ' ', 'y']",
h,"['h', 'i', 's']","[' ', 'i', 's']",
w,"['w', 'h', 'e', 'n']","[' ', 'h', 'e', 'n']",
c,"['c', 'o', 'n', 't', 'a', 'c', 't']","[' ', 'o', 'n', 't', 'a', ' ', 't']",
h,"['h', 'e', 'r', 'e']","[' ', 'e', 'r', 'e']",
n,"['b', 'u', 's', 'i', 'n', 'e', 's', 's']","['b', 'u', 's', 'i', ' ', 'e', 's', 's']",
h,"['w', 'h', 'o']","['w', ' ', 'o']",
b,"['w', 'e', 'b']","['w', 'e', ' ']",
a,"['a', 'l', 's', 'o']","[' ', 'l', 's', 'o']",
w,"['n', 'o', 'w']","['n', 'o', ' ']",
e,"['h', 'e', 'l', 'p']","['h', ' ', 'l', 'p']",
e,"['g', 'e', 't']","['g', ' ', 't']",
v,"['v', 'i', 'e', 'w']","[' ', 'i', 'e', 'w']",
e,"['o', 'n', 'l', 'i', 'n', 'e']","['o', 'n', 'l', 'i', 'n', ' ']",
s,"['f', 'i', 'r', 's', 't']","['f', 'i', 'r', ' ', 't']",
b,"['b', 'e', 'e', 'n']","[' ', 'e', 'e', 'n']",
d,"['w', 'o', 'u', 'l', 'd']","['w', 'o', 'u', 'l', ' ']",
o,"['h', 'o', 'w']","['h', ' ', 'w']",
e,"['w', 'e', 'r', 'e']","['w', ' ', 'r', ' ']",
i,"['s', 'e', 'r', 'v', 'i', 'c', 'e', 's']","['s', 'e', 'r', 'v', ' ', 'c', 'e', 's']",
e,"['s', 'o', 'm', 'e']","['s', 'o', 'm', ' ']",
s,"['t', 'h', 'e', 's', 'e']","['t', 'h', 'e', ' ', 'e']",
l,"['c', 'l', 'i', 'c', 'k']","['c', ' ', 'i', 'c', 'k']",
s,"['i', 't', 's']","['i', 't', ' ']",
i,"['l', 'i', 'k', 'e']","['l', ' ', 'k', 'e']",
e,"['s', 'e', 'r', 'v', 'i', 'c', 'e']","['s', ' ', 'r', 'v', 'i', 'c', ' ']",
h,"['t', 'h', 'a', 'n']","['t', ' ', 'a', 'n']",
i,"['f', 'i', 'n', 'd']","['f', ' ', 'n', 'd']",
r,"['p', 'r', 'i', 'c', 'e']","['p', ' ', 'i', 'c', 'e']",
d,"['d', 'a', 't', 'e']","[' ', 'a', 't', 'e']",
a,"['b', 'a', 'c', 'k']","['b', ' ', 'c', 'k']",
o,"['t', 'o', 'p']","['t', ' ', 'p']",
o,"['p', 'e', 'o', 'p', 'l', 'e']","['p', 'e', ' ', 'p', 'l', 'e']",
h,"['h', 'a', 'd']","[' ', 'a', 'd']",
t,"['l', 'i', 's', 't']","['l', 'i', 's', ' ']",
e,"['n', 'a', 'm', 'e']","['n', 'a', 'm', ' ']",
s,"['j', 'u', 's', 't']","['j', 'u', ' ', 't']",
o,"['o', 'v', 'e', 'r']","[' ', 'v', 'e', 'r']",
a,"['s', 't', 'a', 't', 'e']","['s', 't', ' ', 't', 'e']",
a,"['y', 'e', 'a', 'r']","['y', 'e', ' ', 'r']",
a,"['d', 'a', 'y']","['d', ' ', 'y']",
n,"['i', 'n', 't', 'o']","['i', ' ', 't', 'o']",
i,"['e', 'm', 'a', 'i', 'l']","['e', 'm', 'a', ' ', 'l']",
w,"['t', 'w', 'o']","['t', ' ', 'o']",
l,"['h', 'e', 'a', 'l', 't', 'h']","['h', 'e', 'a', ' ', 't', 'h']",
r,"['w', 'o', 'r', 'l', 'd']","['w', 'o', ' ', 'l', 'd']",
t,"['n', 'e', 'x', 't']","['n', 'e', 'x', ' ']",
d,"['u', 's', 'e', 'd']","['u', 's', 'e', ' ']",
k,"['w', 'o', 'r', 'k']","['w', 'o', 'r', ' ']",
l,"['l', 'a', 's', 't']","[' ', 'a', 's', 't']",
t,"['m', 'o', 's', 't']","['m', 'o', 's', ' ']",
s,"['p', 'r', 'o', 'd', 'u', 'c', 't', 's']","['p', 'r', 'o', 'd', 'u', 'c', 't', ' ']",
s,"['m', 'u', 's', 'i', 'c']","['m', 'u', ' ', 'i', 'c']",
y,"['b', 'u', 'y']","['b', 'u', ' ']",
t,"['d', 'a', 't', 'a']","['d', 'a', ' ', 'a']",
k,"['m', 'a', 'k', 'e']","['m', 'a', ' ', 'e']",
h,"['t', 'h', 'e', 'm']","['t', ' ', 'e', 'm']",
h,"['s', 'h', 'o', 'u', 'l', 'd']","['s', ' ', 'o', 'u', 'l', 'd']",
o,"['p', 'r', 'o', 'd', 'u', 'c', 't']","['p', 'r', ' ', 'd', 'u', 'c', 't']",
t,"['s', 'y', 's', 't', 'e', 'm']","['s', 'y', 's', ' ', 'e', 'm']",
p,"['p', 'o', 's', 't']","[' ', 'o', 's', 't']",
e,"['h', 'e', 'r']","['h', ' ', 'r']",
i,"['c', 'i', 't', 'y']","['c', ' ', 't', 'y']",
a,"['a', 'd', 'd']","[' ', 'd', 'd']",
p,"['p', 'o', 'l', 'i', 'c', 'y']","[' ', 'o', 'l', 'i', 'c', 'y']",
r,"['n', 'u', 'm', 'b', 'e', 'r']","['n', 'u', 'm', 'b', 'e', ' ']",
s,"['s', 'u', 'c', 'h']","[' ', 'u', 'c', 'h']",
p,"['p', 'l', 'e', 'a', 's', 'e']","[' ', 'l', 'e', 'a', 's', 'e']",
v,"['a', 'v', 'a', 'i', 'l', 'a', 'b', 'l', 'e']","['a', ' ', 'a', 'i', 'l', 'a', 'b', 'l', 'e']",
o,"['c', 'o', 'p', 'y', 'r', 'i', 'g', 'h', 't']","['c', ' ', 'p', 'y', 'r', 'i', 'g', 'h', 't']",
o,"['s', 'u', 'p', 'p', 'o', 'r', 't']","['s', 'u', 'p', 'p', ' ', 'r', 't']",
m,"['m', 'e', 's', 's', 'a', 'g', 'e']","[' ', 'e', 's', 's', 'a', 'g', 'e']",
r,"['a', 'f', 't', 'e', 'r']","['a', 'f', 't', 'e', ' ']",
e,"['b', 'e', 's', 't']","['b', ' ', 's', 't']",
f,"['s', 'o', 'f', 't', 'w', 'a', 'r', 'e']","['s', 'o', ' ', 't', 'w', 'a', 'r', 'e']",
h,"['t', 'h', 'e', 'n']","['t', ' ', 'e', 'n']",
n,"['j', 'a', 'n']","['j', 'a', ' ']",
g,"['g', 'o', 'o', 'd']","[' ', 'o', 'o', 'd']",
o,"['v', 'i', 'd', 'e', 'o']","['v', 'i', 'd', 'e', ' ']",
l,"['w', 'e', 'l', 'l']","['w', 'e', ' ', ' ']",
h,"['w', 'h', 'e', 'r', 'e']","['w', ' ', 'e', 'r', 'e']",
n,"['i', 'n', 'f', 'o']","['i', ' ', 'f', 'o']",
t,"['r', 'i', 'g', 'h', 't', 's']","['r', 'i', 'g', 'h', ' ', 's']",
b,"['p', 'u', 'b', 'l', 'i', 'c']","['p', 'u', ' ', 'l', 'i', 'c']",
b,"['b', 'o', 'o', 'k', 's']","[' ', 'o', 'o', 'k', 's']",
g,"['h', 'i', 'g', 'h']","['h', 'i', ' ', 'h']",
l,"['s', 'c', 'h', 'o', 'o', 'l']","['s', 'c', 'h', 'o', 'o', ' ']",
t,"['t', 'h', 'r', 'o', 'u', 'g', 'h']","[' ', 'h', 'r', 'o', 'u', 'g', 'h']",
e,"['e', 'a', 'c', 'h']","[' ', 'a', 'c', 'h']",
k,"['l', 'i', 'n', 'k', 's']","['l', 'i', 'n', ' ', 's']",
s,"['s', 'h', 'e']","[' ', 'h', 'e']",
w,"['r', 'e', 'v', 'i', 'e', 'w']","['r', 'e', 'v', 'i', 'e', ' ']",
r,"['y', 'e', 'a', 'r', 's']","['y', 'e', 'a', ' ', 's']",
o,"['o', 'r', 'd', 'e', 'r']","[' ', 'r', 'd', 'e', 'r']",
r,"['v', 'e', 'r', 'y']","['v', 'e', ' ', 'y']",
p,"['p', 'r', 'i', 'v', 'a', 'c', 'y']","[' ', 'r', 'i', 'v', 'a', 'c', 'y']",
k,"['b', 'o', 'o', 'k']","['b', 'o', 'o', ' ']",
t,"['i', 't', 'e', 'm', 's']","['i', ' ', 'e', 'm', 's']",
y,"['c', 'o', 'm', 'p', 'a', 'n', 'y']","['c', 'o', 'm', 'p', 'a', 'n', ' ']",
d,"['r', 'e', 'a', 'd']","['r', 'e', 'a', ' ']",
p,"['g', 'r', 'o', 'u', 'p']","['g', 'r', 'o', 'u', ' ']",
e,"['s', 'e', 'x']","['s', ' ', 'x']",
n,"['n', 'e', 'e', 'd']","[' ', 'e', 'e', 'd']",
m,"['m', 'a', 'n', 'y']","[' ', 'a', 'n', 'y']",
u,"['u', 's', 'e', 'r']","[' ', 's', 'e', 'r']",
i,"['s', 'a', 'i', 'd']","['s', 'a', ' ', 'd']",
s,"['d', 'o', 'e', 's']","['d', 'o', 'e', ' ']",
s,"['s', 'e', 't']","[' ', 'e', 't']",
d,"['u', 'n', 'd', 'e', 'r']","['u', 'n', ' ', 'e', 'r']",
g,"['g', 'e', 'n', 'e', 'r', 'a', 'l']","[' ', 'e', 'n', 'e', 'r', 'a', 'l']",
e,"['r', 'e', 's', 'e', 'a', 'r', 'c', 'h']","['r', ' ', 's', ' ', 'a', 'r', 'c', 'h']",
s,"['u', 'n', 'i', 'v', 'e', 'r', 's', 'i', 't', 'y']","['u', 'n', 'i', 'v', 'e', 'r', ' ', 'i', 't', 'y']",
j,"['j', 'a', 'n', 'u', 'a', 'r', 'y']","[' ', 'a', 'n', 'u', 'a', 'r', 'y']",
l,"['m', 'a', 'i', 'l']","['m', 'a', 'i', ' ']",
u,"['f', 'u', 'l', 'l']","['f', ' ', 'l', 'l']",
m,"['m', 'a', 'p']","[' ', 'a', 'p']",
e,"['r', 'e', 'v', 'i', 'e', 'w', 's']","['r', ' ', 'v', 'i', ' ', 'w', 's']",
p,"['p', 'r', 'o', 'g', 'r', 'a', 'm']","[' ', 'r', 'o', 'g', 'r', 'a', 'm']",
f,"['l', 'i', 'f', 'e']","['l', 'i', ' ', 'e']",
k,"['k', 'n', 'o', 'w']","[' ', 'n', 'o', 'w']",
a,"['g', 'a', 'm', 'e', 's']","['g', ' ', 'm', 'e', 's']",
w,"['w', 'a', 'y']","[' ', 'a', 'y']",
d,"['d', 'a', 'y', 's']","[' ', 'a', 'y', 's']",
g,"['m', 'a', 'n', 'a', 'g', 'e', 'm', 'e', 'n', 't']","['m', 'a', 'n', 'a', ' ', 'e', 'm', 'e', 'n', 't']",
p,"['p', 'a', 'r', 't']","[' ', 'a', 'r', 't']",
l,"['c', 'o', 'u', 'l', 'd']","['c', 'o', 'u', ' ', 'd']",
r,"['g', 'r', 'e', 'a', 't']","['g', ' ', 'e', 'a', 't']",
n,"['u', 'n', 'i', 't', 'e', 'd']","['u', ' ', 'i', 't', 'e', 'd']",
o,"['h', 'o', 't', 'e', 'l']","['h', ' ', 't', 'e', 'l']",
l,"['r', 'e', 'a', 'l']","['r', 'e', 'a', ' ']",
t,"['i', 't', 'e', 'm']","['i', ' ', 'e', 'm']",
r,"['i', 'n', 't', 'e', 'r', 'n', 'a', 't', 'i', 'o', 'n', 'a', 'l']","['i', 'n', 't', 'e', ' ', 'n', 'a', 't', 'i', 'o', 'n', 'a', 'l']",
r,"['c', 'e', 'n', 't', 'e', 'r']","['c', 'e', 'n', 't', 'e', ' ']",
y,"['e', 'b', 'a', 'y']","['e', 'b', 'a', ' ']",
u,"['m', 'u', 's', 't']","['m', ' ', 's', 't']",
s,"['s', 't', 'o', 'r', 'e']","[' ', 't', 'o', 'r', 'e']",
a,"['t', 'r', 'a', 'v', 'e', 'l']","['t', 'r', ' ', 'v', 'e', 'l']",
n,"['c', 'o', 'm', 'm', 'e', 'n', 't', 's']","['c', 'o', 'm', 'm', 'e', ' ', 't', 's']",
a,"['m', 'a', 'd', 'e']","['m', ' ', 'd', 'e']",
d,"['d', 'e', 'v', 'e', 'l', 'o', 'p', 'm', 'e', 'n', 't']","[' ', 'e', 'v', 'e', 'l', 'o', 'p', 'm', 'e', 'n', 't']",
r,"['r', 'e', 'p', 'o', 'r', 't']","[' ', 'e', 'p', 'o', ' ', 't']",
f,"['o', 'f', 'f']","['o', ' ', ' ']",
r,"['m', 'e', 'm', 'b', 'e', 'r']","['m', 'e', 'm', 'b', 'e', ' ']",
s,"['d', 'e', 't', 'a', 'i', 'l', 's']","['d', 'e', 't', 'a', 'i', 'l', ' ']",
i,"['l', 'i', 'n', 'e']","['l', ' ', 'n', 'e']",
s,"['t', 'e', 'r', 'm', 's']","['t', 'e', 'r', 'm', ' ']",
r,"['b', 'e', 'f', 'o', 'r', 'e']","['b', 'e', 'f', 'o', ' ', 'e']",
o,"['h', 'o', 't', 'e', 'l', 's']","['h', ' ', 't', 'e', 'l', 's']",
d,"['d', 'i', 'd']","[' ', 'i', ' ']",
e,"['s', 'e', 'n', 'd']","['s', ' ', 'n', 'd']",
t,"['r', 'i', 'g', 'h', 't']","['r', 'i', 'g', 'h', ' ']",
p,"['t', 'y', 'p', 'e']","['t', 'y', ' ', 'e']",
b,"['b', 'e', 'c', 'a', 'u', 's', 'e']","[' ', 'e', 'c', 'a', 'u', 's', 'e']",
o,"['l', 'o', 'c', 'a', 'l']","['l', ' ', 'c', 'a', 'l']",
s,"['t', 'h', 'o', 's', 'e']","['t', 'h', 'o', ' ', 'e']",
s,"['u', 's', 'i', 'n', 'g']","['u', ' ', 'i', 'n', 'g']",
r,"['r', 'e', 's', 'u', 'l', 't', 's']","[' ', 'e', 's', 'u', 'l', 't', 's']",
c,"['o', 'f', 'f', 'i', 'c', 'e']","['o', 'f', 'f', 'i', ' ', 'e']",
a,"['e', 'd', 'u', 'c', 'a', 't', 'i', 'o', 'n']","['e', 'd', 'u', 'c', ' ', 't', 'i', 'o', 'n']",
i,"['n', 'a', 't', 'i', 'o', 'n', 'a', 'l']","['n', 'a', 't', ' ', 'o', 'n', 'a', 'l']",
r,"['c', 'a', 'r']","['c', 'a', ' ']",
e,"['d', 'e', 's', 'i', 'g', 'n']","['d', ' ', 's', 'i', 'g', 'n']",
k,"['t', 'a', 'k', 'e']","['t', 'a', ' ', 'e']",
e,"['p', 'o', 's', 't', 'e', 'd']","['p', 'o', 's', 't', ' ', 'd']",
n,"['i', 'n', 't', 'e', 'r', 'n', 'e', 't']","['i', ' ', 't', 'e', 'r', ' ', 'e', 't']",
r,"['a', 'd', 'd', 'r', 'e', 's', 's']","['a', 'd', 'd', ' ', 'e', 's', 's']",
y,"['c', 'o', 'm', 'm', 'u', 'n', 'i', 't', 'y']","['c', 'o', 'm', 'm', 'u', 'n', 'i', 't', ' ']",
h,"['w', 'i', 't', 'h', 'i', 'n']","['w', 'i', 't', ' ', 'i', 'n']",
e,"['s', 't', 'a', 't', 'e', 's']","['s', 't', 'a', 't', ' ', 's']",
e,"['a', 'r', 'e', 'a']","['a', 'r', ' ', 'a']",
n,"['w', 'a', 'n', 't']","['w', 'a', ' ', 't']",
p,"['p', 'h', 'o', 'n', 'e']","[' ', 'h', 'o', 'n', 'e']",
v,"['d', 'v', 'd']","['d', ' ', 'd']",
g,"['s', 'h', 'i', 'p', 'p', 'i', 'n', 'g']","['s', 'h', 'i', 'p', 'p', 'i', 'n', ' ']",
e,"['r', 'e', 's', 'e', 'r', 'v', 'e', 'd']","['r', ' ', 's', ' ', 'r', 'v', ' ', 'd']",
t,"['s', 'u', 'b', 'j', 'e', 'c', 't']","['s', 'u', 'b', 'j', 'e', 'c', ' ']",
w,"['b', 'e', 't', 'w', 'e', 'e', 'n']","['b', 'e', 't', ' ', 'e', 'e', 'n']",
o,"['f', 'o', 'r', 'u', 'm']","['f', ' ', 'r', 'u', 'm']",
m,"['f', 'a', 'm', 'i', 'l', 'y']","['f', 'a', ' ', 'i', 'l', 'y']",
g,"['l', 'o', 'n', 'g']","['l', 'o', 'n', ' ']",
s,"['b', 'a', 's', 'e', 'd']","['b', 'a', ' ', 'e', 'd']",
e,"['c', 'o', 'd', 'e']","['c', 'o', 'd', ' ']",
h,"['s', 'h', 'o', 'w']","['s', ' ', 'o', 'w']",
v,"['e', 'v', 'e', 'n']","['e', ' ', 'e', 'n']",
b,"['b', 'l', 'a', 'c', 'k']","[' ', 'l', 'a', 'c', 'k']",
e,"['c', 'h', 'e', 'c', 'k']","['c', 'h', ' ', 'c', 'k']",
l,"['s', 'p', 'e', 'c', 'i', 'a', 'l']","['s', 'p', 'e', 'c', 'i', 'a', ' ']",
s,"['p', 'r', 'i', 'c', 'e', 's']","['p', 'r', 'i', 'c', 'e', ' ']",
b,"['w', 'e', 'b', 's', 'i', 't', 'e']","['w', 'e', ' ', 's', 'i', 't', 'e']",
d,"['i', 'n', 'd', 'e', 'x']","['i', 'n', ' ', 'e', 'x']",
e,"['b', 'e', 'i', 'n', 'g']","['b', ' ', 'i', 'n', 'g']",
n,"['w', 'o', 'm', 'e', 'n']","['w', 'o', 'm', 'e', ' ']",
u,"['m', 'u', 'c', 'h']","['m', ' ', 'c', 'h']",
i,"['s', 'i', 'g', 'n']","['s', ' ', 'g', 'n']",
l,"['f', 'i', 'l', 'e']","['f', 'i', ' ', 'e']",
i,"['l', 'i', 'n', 'k']","['l', ' ', 'n', 'k']",
e,"['o', 'p', 'e', 'n']","['o', 'p', ' ', 'n']",
y,"['t', 'o', 'd', 'a', 'y']","['t', 'o', 'd', 'a', ' ']",
c,"['t', 'e', 'c', 'h', 'n', 'o', 'l', 'o', 'g', 'y']","['t', 'e', ' ', 'h', 'n', 'o', 'l', 'o', 'g', 'y']",
t,"['s', 'o', 'u', 't', 'h']","['s', 'o', 'u', ' ', 'h']",
e,"['c', 'a', 's', 'e']","['c', 'a', 's', ' ']",
p,"['p', 'r', 'o', 'j', 'e', 'c', 't']","[' ', 'r', 'o', 'j', 'e', 'c', 't']",
s,"['s', 'a', 'm', 'e']","[' ', 'a', 'm', 'e']",
s,"['p', 'a', 'g', 'e', 's']","['p', 'a', 'g', 'e', ' ']",
o,"['v', 'e', 'r', 's', 'i', 'o', 'n']","['v', 'e', 'r', 's', 'i', ' ', 'n']",
n,"['s', 'e', 'c', 't', 'i', 'o', 'n']","['s', 'e', 'c', 't', 'i', 'o', ' ']",
o,"['o', 'w', 'n']","[' ', 'w', 'n']",
d,"['f', 'o', 'u', 'n', 'd']","['f', 'o', 'u', 'n', ' ']",
s,"['s', 'p', 'o', 'r', 't', 's']","[' ', 'p', 'o', 'r', 't', ' ']",
o,"['h', 'o', 'u', 's', 'e']","['h', ' ', 'u', 's', 'e']",
l,"['r', 'e', 'l', 'a', 't', 'e', 'd']","['r', 'e', ' ', 'a', 't', 'e', 'd']",
r,"['s', 'e', 'c', 'u', 'r', 'i', 't', 'y']","['s', 'e', 'c', 'u', ' ', 'i', 't', 'y']",
o,"['b', 'o', 't', 'h']","['b', ' ', 't', 'h']",
u,"['c', 'o', 'u', 'n', 't', 'y']","['c', 'o', ' ', 'n', 't', 'y']",
n,"['a', 'm', 'e', 'r', 'i', 'c', 'a', 'n']","['a', 'm', 'e', 'r', 'i', 'c', 'a', ' ']",
p,"['p', 'h', 'o', 't', 'o']","[' ', 'h', 'o', 't', 'o']",
e,"['g', 'a', 'm', 'e']","['g', 'a', 'm', ' ']",
r,"['m', 'e', 'm', 'b', 'e', 'r', 's']","['m', 'e', 'm', 'b', 'e', ' ', 's']",
w,"['p', 'o', 'w', 'e', 'r']","['p', 'o', ' ', 'e', 'r']",
w,"['w', 'h', 'i', 'l', 'e']","[' ', 'h', 'i', 'l', 'e']",
a,"['c', 'a', 'r', 'e']","['c', ' ', 'r', 'e']",
n,"['n', 'e', 't', 'w', 'o', 'r', 'k']","[' ', 'e', 't', 'w', 'o', 'r', 'k']",
n,"['d', 'o', 'w', 'n']","['d', 'o', 'w', ' ']",
o,"['c', 'o', 'm', 'p', 'u', 't', 'e', 'r']","['c', ' ', 'm', 'p', 'u', 't', 'e', 'r']",
t,"['s', 'y', 's', 't', 'e', 'm', 's']","['s', 'y', 's', ' ', 'e', 'm', 's']",
t,"['t', 'h', 'r', 'e', 'e']","[' ', 'h', 'r', 'e', 'e']",
a,"['t', 'o', 't', 'a', 'l']","['t', 'o', 't', ' ', 'l']",
e,"['p', 'l', 'a', 'c', 'e']","['p', 'l', 'a', 'c', ' ']",
e,"['e', 'n', 'd']","[' ', 'n', 'd']",
w,"['f', 'o', 'l', 'l', 'o', 'w', 'i', 'n', 'g']","['f', 'o', 'l', 'l', 'o', ' ', 'i', 'n', 'g']",
d,"['d', 'o', 'w', 'n', 'l', 'o', 'a', 'd']","[' ', 'o', 'w', 'n', 'l', 'o', 'a', ' ']",
i,"['h', 'i', 'm']","['h', ' ', 'm']",
i,"['w', 'i', 't', 'h', 'o', 'u', 't']","['w', ' ', 't', 'h', 'o', 'u', 't']",
e,"['p', 'e', 'r']","['p', ' ', 'r']",
a,"['a', 'c', 'c', 'e', 's', 's']","[' ', 'c', 'c', 'e', 's', 's']",
t,"['t', 'h', 'i', 'n', 'k']","[' ', 'h', 'i', 'n', 'k']",
r,"['n', 'o', 'r', 't', 'h']","['n', 'o', ' ', 't', 'h']",
e,"['r', 'e', 's', 'o', 'u', 'r', 'c', 'e', 's']","['r', ' ', 's', 'o', 'u', 'r', 'c', ' ', 's']",
c,"['c', 'u', 'r', 'r', 'e', 'n', 't']","[' ', 'u', 'r', 'r', 'e', 'n', 't']",
s,"['p', 'o', 's', 't', 's']","['p', 'o', ' ', 't', ' ']",
b,"['b', 'i', 'g']","[' ', 'i', 'g']",
m,"['m', 'e', 'd', 'i', 'a']","[' ', 'e', 'd', 'i', 'a']",
w,"['l', 'a', 'w']","['l', 'a', ' ']",
n,"['c', 'o', 'n', 't', 'r', 'o', 'l']","['c', 'o', ' ', 't', 'r', 'o', 'l']",
r,"['w', 'a', 't', 'e', 'r']","['w', 'a', 't', 'e', ' ']",
t,"['h', 'i', 's', 't', 'o', 'r', 'y']","['h', 'i', 's', ' ', 'o', 'r', 'y']",
p,"['p', 'i', 'c', 't', 'u', 'r', 'e', 's']","[' ', 'i', 'c', 't', 'u', 'r', 'e', 's']",
i,"['s', 'i', 'z', 'e']","['s', ' ', 'z', 'e']",
a,"['a', 'r', 't']","[' ', 'r', 't']",
p,"['p', 'e', 'r', 's', 'o', 'n', 'a', 'l']","[' ', 'e', 'r', 's', 'o', 'n', 'a', 'l']",
c,"['s', 'i', 'n', 'c', 'e']","['s', 'i', 'n', ' ', 'e']",
d,"['i', 'n', 'c', 'l', 'u', 'd', 'i', 'n', 'g']","['i', 'n', 'c', 'l', 'u', ' ', 'i', 'n', 'g']",
e,"['g', 'u', 'i', 'd', 'e']","['g', 'u', 'i', 'd', ' ']",
s,"['s', 'h', 'o', 'p']","[' ', 'h', 'o', 'p']",
i,"['d', 'i', 'r', 'e', 'c', 't', 'o', 'r', 'y']","['d', ' ', 'r', 'e', 'c', 't', 'o', 'r', 'y']",
b,"['b', 'o', 'a', 'r', 'd']","[' ', 'o', 'a', 'r', 'd']",
n,"['l', 'o', 'c', 'a', 't', 'i', 'o', 'n']","['l', 'o', 'c', 'a', 't', 'i', 'o', ' ']",
c,"['c', 'h', 'a', 'n', 'g', 'e']","[' ', 'h', 'a', 'n', 'g', 'e']",
h,"['w', 'h', 'i', 't', 'e']","['w', ' ', 'i', 't', 'e']",
e,"['t', 'e', 'x', 't']","['t', ' ', 'x', 't']",
m,"['s', 'm', 'a', 'l', 'l']","['s', ' ', 'a', 'l', 'l']",
g,"['r', 'a', 't', 'i', 'n', 'g']","['r', 'a', 't', 'i', 'n', ' ']",
e,"['r', 'a', 't', 'e']","['r', 'a', 't', ' ']",
v,"['g', 'o', 'v', 'e', 'r', 'n', 'm', 'e', 'n', 't']","['g', 'o', ' ', 'e', 'r', 'n', 'm', 'e', 'n', 't']",
h,"['c', 'h', 'i', 'l', 'd', 'r', 'e', 'n']","['c', ' ', 'i', 'l', 'd', 'r', 'e', 'n']",
n,"['d', 'u', 'r', 'i', 'n', 'g']","['d', 'u', 'r', 'i', ' ', 'g']",
u,"['u', 's', 'a']","[' ', 's', 'a']",
r,"['r', 'e', 't', 'u', 'r', 'n']","[' ', 'e', 't', 'u', ' ', 'n']",
u,"['s', 't', 'u', 'd', 'e', 'n', 't', 's']","['s', 't', ' ', 'd', 'e', 'n', 't', 's']",
s,"['s', 'h', 'o', 'p', 'p', 'i', 'n', 'g']","[' ', 'h', 'o', 'p', 'p', 'i', 'n', 'g']",
o,"['a', 'c', 'c', 'o', 'u', 'n', 't']","['a', 'c', 'c', ' ', 'u', 'n', 't']",
t,"['t', 'i', 'm', 'e', 's']","[' ', 'i', 'm', 'e', 's']",
t,"['s', 'i', 't', 'e', 's']","['s', 'i', ' ', 'e', 's']",
v,"['l', 'e', 'v', 'e', 'l']","['l', 'e', ' ', 'e', 'l']",
i,"['d', 'i', 'g', 'i', 't', 'a', 'l']","['d', ' ', 'g', ' ', 't', 'a', 'l']",
o,"['p', 'r', 'o', 'f', 'i', 'l', 'e']","['p', 'r', ' ', 'f', 'i', 'l', 'e']",
u,"['p', 'r', 'e', 'v', 'i', 'o', 'u', 's']","['p', 'r', 'e', 'v', 'i', 'o', ' ', 's']",
r,"['f', 'o', 'r', 'm']","['f', 'o', ' ', 'm']",
t,"['e', 'v', 'e', 'n', 't', 's']","['e', 'v', 'e', 'n', ' ', 's']",
l,"['l', 'o', 'v', 'e']","[' ', 'o', 'v', 'e']",
l,"['o', 'l', 'd']","['o', ' ', 'd']",
h,"['j', 'o', 'h', 'n']","['j', 'o', ' ', 'n']",
n,"['m', 'a', 'i', 'n']","['m', 'a', 'i', ' ']",
c,"['c', 'a', 'l', 'l']","[' ', 'a', 'l', 'l']",
r,"['h', 'o', 'u', 'r', 's']","['h', 'o', 'u', ' ', 's']",
e,"['i', 'm', 'a', 'g', 'e']","['i', 'm', 'a', 'g', ' ']",
e,"['d', 'e', 'p', 'a', 'r', 't', 'm', 'e', 'n', 't']","['d', ' ', 'p', 'a', 'r', 't', 'm', ' ', 'n', 't']",
i,"['t', 'i', 't', 'l', 'e']","['t', ' ', 't', 'l', 'e']",
i,"['d', 'e', 's', 'c', 'r', 'i', 'p', 't', 'i', 'o', 'n']","['d', 'e', 's', 'c', 'r', ' ', 'p', 't', ' ', 'o', 'n']",
n,"['n', 'o', 'n']","[' ', 'o', ' ']",
u,"['i', 'n', 's', 'u', 'r', 'a', 'n', 'c', 'e']","['i', 'n', 's', ' ', 'r', 'a', 'n', 'c', 'e']",
t,"['a', 'n', 'o', 't', 'h', 'e', 'r']","['a', 'n', 'o', ' ', 'h', 'e', 'r']",
w,"['w', 'h', 'y']","[' ', 'h', 'y']",
a,"['s', 'h', 'a', 'l', 'l']","['s', 'h', ' ', 'l', 'l']",
t,"['p', 'r', 'o', 'p', 'e', 'r', 't', 'y']","['p', 'r', 'o', 'p', 'e', 'r', ' ', 'y']",
s,"['c', 'l', 'a', 's', 's']","['c', 'l', 'a', ' ', ' ']",
t,"['s', 't', 'i', 'l', 'l']","['s', ' ', 'i', 'l', 'l']",
y,"['m', 'o', 'n', 'e', 'y']","['m', 'o', 'n', 'e', ' ']",
q,"['q', 'u', 'a', 'l', 'i', 't', 'y']","[' ', 'u', 'a', 'l', 'i', 't', 'y']",
v,"['e', 'v', 'e', 'r', 'y']","['e', ' ', 'e', 'r', 'y']",
s,"['l', 'i', 's', 't', 'i', 'n', 'g']","['l', 'i', ' ', 't', 'i', 'n', 'g']",
e,"['c', 'o', 'n', 't', 'e', 'n', 't']","['c', 'o', 'n', 't', ' ', 'n', 't']",
y,"['c', 'o', 'u', 'n', 't', 'r', 'y']","['c', 'o', 'u', 'n', 't', 'r', ' ']",
r,"['p', 'r', 'i', 'v', 'a', 't', 'e']","['p', ' ', 'i', 'v', 'a', 't', 'e']",
i,"['l', 'i', 't', 't', 'l', 'e']","['l', ' ', 't', 't', 'l', 'e']",
s,"['v', 'i', 's', 'i', 't']","['v', 'i', ' ', 'i', 't']",
a,"['s', 'a', 'v', 'e']","['s', ' ', 'v', 'e']",
o,"['t', 'o', 'o', 'l', 's']","['t', ' ', ' ', 'l', 's']",
w,"['l', 'o', 'w']","['l', 'o', ' ']",
l,"['r', 'e', 'p', 'l', 'y']","['r', 'e', 'p', ' ', 'y']",
m,"['c', 'u', 's', 't', 'o', 'm', 'e', 'r']","['c', 'u', 's', 't', 'o', ' ', 'e', 'r']",
r,"['d', 'e', 'c', 'e', 'm', 'b', 'e', 'r']","['d', 'e', 'c', 'e', 'm', 'b', 'e', ' ']",
m,"['c', 'o', 'm', 'p', 'a', 'r', 'e']","['c', 'o', ' ', 'p', 'a', 'r', 'e']",
e,"['m', 'o', 'v', 'i', 'e', 's']","['m', 'o', 'v', 'i', ' ', 's']",
c,"['i', 'n', 'c', 'l', 'u', 'd', 'e']","['i', 'n', ' ', 'l', 'u', 'd', 'e']",
l,"['c', 'o', 'l', 'l', 'e', 'g', 'e']","['c', 'o', ' ', ' ', 'e', 'g', 'e']",
e,"['v', 'a', 'l', 'u', 'e']","['v', 'a', 'l', 'u', ' ']",
a,"['a', 'r', 't', 'i', 'c', 'l', 'e']","[' ', 'r', 't', 'i', 'c', 'l', 'e']",
y,"['y', 'o', 'r', 'k']","[' ', 'o', 'r', 'k']",
a,"['m', 'a', 'n']","['m', ' ', 'n']",
a,"['c', 'a', 'r', 'd']","['c', ' ', 'r', 'd']",
b,"['j', 'o', 'b', 's']","['j', 'o', ' ', 's']",
o,"['p', 'r', 'o', 'v', 'i', 'd', 'e']","['p', 'r', ' ', 'v', 'i', 'd', 'e']",
d,"['f', 'o', 'o', 'd']","['f', 'o', 'o', ' ']",
s,"['s', 'o', 'u', 'r', 'c', 'e']","[' ', 'o', 'u', 'r', 'c', 'e']",
o,"['a', 'u', 't', 'h', 'o', 'r']","['a', 'u', 't', 'h', ' ', 'r']",
d,"['d', 'i', 'f', 'f', 'e', 'r', 'e', 'n', 't']","[' ', 'i', 'f', 'f', 'e', 'r', 'e', 'n', 't']",
e,"['p', 'r', 'e', 's', 's']","['p', 'r', ' ', 's', 's']",
r,"['l', 'e', 'a', 'r', 'n']","['l', 'e', 'a', ' ', 'n']",
a,"['s', 'a', 'l', 'e']","['s', ' ', 'l', 'e']",
d,"['a', 'r', 'o', 'u', 'n', 'd']","['a', 'r', 'o', 'u', 'n', ' ']",
p,"['p', 'r', 'i', 'n', 't']","[' ', 'r', 'i', 'n', 't']",
s,"['c', 'o', 'u', 'r', 's', 'e']","['c', 'o', 'u', 'r', ' ', 'e']",
o,"['j', 'o', 'b']","['j', ' ', 'b']",
n,"['c', 'a', 'n', 'a', 'd', 'a']","['c', 'a', ' ', 'a', 'd', 'a']",
r,"['p', 'r', 'o', 'c', 'e', 's', 's']","['p', ' ', 'o', 'c', 'e', 's', 's']",
n,"['t', 'e', 'e', 'n']","['t', 'e', 'e', ' ']",
o,"['r', 'o', 'o', 'm']","['r', ' ', ' ', 'm']",
k,"['s', 't', 'o', 'c', 'k']","['s', 't', 'o', 'c', ' ']",
n,"['t', 'r', 'a', 'i', 'n', 'i', 'n', 'g']","['t', 'r', 'a', 'i', ' ', 'i', ' ', 'g']",
t,"['t', 'o', 'o']","[' ', 'o', 'o']",
r,"['c', 'r', 'e', 'd', 'i', 't']","['c', ' ', 'e', 'd', 'i', 't']",
i,"['p', 'o', 'i', 'n', 't']","['p', 'o', ' ', 'n', 't']",
o,"['j', 'o', 'i', 'n']","['j', ' ', 'i', 'n']",
s,"['s', 'c', 'i', 'e', 'n', 'c', 'e']","[' ', 'c', 'i', 'e', 'n', 'c', 'e']",
e,"['m', 'e', 'n']","['m', ' ', 'n']",
e,"['c', 'a', 't', 'e', 'g', 'o', 'r', 'i', 'e', 's']","['c', 'a', 't', ' ', 'g', 'o', 'r', 'i', ' ', 's']",
d,"['a', 'd', 'v', 'a', 'n', 'c', 'e', 'd']","['a', ' ', 'v', 'a', 'n', 'c', 'e', ' ']",
w,"['w', 'e', 's', 't']","[' ', 'e', 's', 't']",
s,"['s', 'a', 'l', 'e', 's']","[' ', 'a', 'l', 'e', ' ']",
l,"['l', 'o', 'o', 'k']","[' ', 'o', 'o', 'k']",
e,"['e', 'n', 'g', 'l', 'i', 's', 'h']","[' ', 'n', 'g', 'l', 'i', 's', 'h']",
l,"['l', 'e', 'f', 't']","[' ', 'e', 'f', 't']",
m,"['t', 'e', 'a', 'm']","['t', 'e', 'a', ' ']",
a,"['e', 's', 't', 'a', 't', 'e']","['e', 's', 't', ' ', 't', 'e']",
x,"['b', 'o', 'x']","['b', 'o', ' ']",
c,"['c', 'o', 'n', 'd', 'i', 't', 'i', 'o', 'n', 's']","[' ', 'o', 'n', 'd', 'i', 't', 'i', 'o', 'n', 's']",
l,"['s', 'e', 'l', 'e', 'c', 't']","['s', 'e', ' ', 'e', 'c', 't']",
i,"['w', 'i', 'n', 'd', 'o', 'w', 's']","['w', ' ', 'n', 'd', 'o', 'w', 's']",
p,"['p', 'h', 'o', 't', 'o', 's']","[' ', 'h', 'o', 't', 'o', 's']",
a,"['g', 'a', 'y']","['g', ' ', 'y']",
e,"['t', 'h', 'r', 'e', 'a', 'd']","['t', 'h', 'r', ' ', 'a', 'd']",
w,"['w', 'e', 'e', 'k']","[' ', 'e', 'e', 'k']",
y,"['c', 'a', 't', 'e', 'g', 'o', 'r', 'y']","['c', 'a', 't', 'e', 'g', 'o', 'r', ' ']",
o,"['n', 'o', 't', 'e']","['n', ' ', 't', 'e']",
v,"['l', 'i', 'v', 'e']","['l', 'i', ' ', 'e']",
e,"['l', 'a', 'r', 'g', 'e']","['l', 'a', 'r', 'g', ' ']",
l,"['g', 'a', 'l', 'l', 'e', 'r', 'y']","['g', 'a', ' ', ' ', 'e', 'r', 'y']",
e,"['t', 'a', 'b', 'l', 'e']","['t', 'a', 'b', 'l', ' ']",
t,"['r', 'e', 'g', 'i', 's', 't', 'e', 'r']","['r', 'e', 'g', 'i', 's', ' ', 'e', 'r']",
o,"['h', 'o', 'w', 'e', 'v', 'e', 'r']","['h', ' ', 'w', 'e', 'v', 'e', 'r']",
n,"['j', 'u', 'n', 'e']","['j', 'u', ' ', 'e']",
r,"['o', 'c', 't', 'o', 'b', 'e', 'r']","['o', 'c', 't', 'o', 'b', 'e', ' ']",
e,"['n', 'o', 'v', 'e', 'm', 'b', 'e', 'r']","['n', 'o', 'v', ' ', 'm', 'b', ' ', 'r']",
a,"['m', 'a', 'r', 'k', 'e', 't']","['m', ' ', 'r', 'k', 'e', 't']",
i,"['l', 'i', 'b', 'r', 'a', 'r', 'y']","['l', ' ', 'b', 'r', 'a', 'r', 'y']",
r,"['r', 'e', 'a', 'l', 'l', 'y']","[' ', 'e', 'a', 'l', 'l', 'y']",
a,"['a', 'c', 't', 'i', 'o', 'n']","[' ', 'c', 't', 'i', 'o', 'n']",
r,"['s', 't', 'a', 'r', 't']","['s', 't', 'a', ' ', 't']",
r,"['s', 'e', 'r', 'i', 'e', 's']","['s', 'e', ' ', 'i', 'e', 's']",
m,"['m', 'o', 'd', 'e', 'l']","[' ', 'o', 'd', 'e', 'l']",
e,"['f', 'e', 'a', 't', 'u', 'r', 'e', 's']","['f', ' ', 'a', 't', 'u', 'r', ' ', 's']",
i,"['a', 'i', 'r']","['a', ' ', 'r']",
n,"['i', 'n', 'd', 'u', 's', 't', 'r', 'y']","['i', ' ', 'd', 'u', 's', 't', 'r', 'y']",
l,"['p', 'l', 'a', 'n']","['p', ' ', 'a', 'n']",
u,"['h', 'u', 'm', 'a', 'n']","['h', ' ', 'm', 'a', 'n']",
v,"['p', 'r', 'o', 'v', 'i', 'd', 'e', 'd']","['p', 'r', 'o', ' ', 'i', 'd', 'e', 'd']",
s,"['y', 'e', 's']","['y', 'e', ' ']",
e,"['r', 'e', 'q', 'u', 'i', 'r', 'e', 'd']","['r', ' ', 'q', 'u', 'i', 'r', ' ', 'd']",
n,"['s', 'e', 'c', 'o', 'n', 'd']","['s', 'e', 'c', 'o', ' ', 'd']",
t,"['h', 'o', 't']","['h', 'o', ' ']",
s,"['a', 'c', 'c', 'e', 's', 's', 'o', 'r', 'i', 'e', 's']","['a', 'c', 'c', 'e', ' ', ' ', 'o', 'r', 'i', 'e', ' ']",
c,"['c', 'o', 's', 't']","[' ', 'o', 's', 't']",
m,"['m', 'o', 'v', 'i', 'e']","[' ', 'o', 'v', 'i', 'e']",
s,"['f', 'o', 'r', 'u', 'm', 's']","['f', 'o', 'r', 'u', 'm', ' ']",
r,"['m', 'a', 'r', 'c', 'h']","['m', 'a', ' ', 'c', 'h']",
t,"['s', 'e', 'p', 't', 'e', 'm', 'b', 'e', 'r']","['s', 'e', 'p', ' ', 'e', 'm', 'b', 'e', 'r']",
r,"['b', 'e', 't', 't', 'e', 'r']","['b', 'e', 't', 't', 'e', ' ']",
y,"['s', 'a', 'y']","['s', 'a', ' ']",
s,"['q', 'u', 'e', 's', 't', 'i', 'o', 'n', 's']","['q', 'u', 'e', ' ', 't', 'i', 'o', 'n', ' ']",
l,"['j', 'u', 'l', 'y']","['j', 'u', ' ', 'y']",
h,"['y', 'a', 'h', 'o', 'o']","['y', 'a', ' ', 'o', 'o']",
o,"['g', 'o', 'i', 'n', 'g']","['g', ' ', 'i', 'n', 'g']",
m,"['m', 'e', 'd', 'i', 'c', 'a', 'l']","[' ', 'e', 'd', 'i', 'c', 'a', 'l']",
t,"['t', 'e', 's', 't']","[' ', 'e', 's', ' ']",
e,"['f', 'r', 'i', 'e', 'n', 'd']","['f', 'r', 'i', ' ', 'n', 'd']",
o,"['c', 'o', 'm', 'e']","['c', ' ', 'm', 'e']",
d,"['d', 'e', 'c']","[' ', 'e', 'c']",
r,"['s', 'e', 'r', 'v', 'e', 'r']","['s', 'e', ' ', 'v', 'e', ' ']",
s,"['s', 't', 'u', 'd', 'y']","[' ', 't', 'u', 'd', 'y']",
t,"['a', 'p', 'p', 'l', 'i', 'c', 'a', 't', 'i', 'o', 'n']","['a', 'p', 'p', 'l', 'i', 'c', 'a', ' ', 'i', 'o', 'n']",
a,"['c', 'a', 'r', 't']","['c', ' ', 'r', 't']",
a,"['s', 't', 'a', 'f', 'f']","['s', 't', ' ', 'f', 'f']",
t,"['a', 'r', 't', 'i', 'c', 'l', 'e', 's']","['a', 'r', ' ', 'i', 'c', 'l', 'e', 's']",
n,"['s', 'a', 'n']","['s', 'a', ' ']",
c,"['f', 'e', 'e', 'd', 'b', 'a', 'c', 'k']","['f', 'e', 'e', 'd', 'b', 'a', ' ', 'k']",
n,"['a', 'g', 'a', 'i', 'n']","['a', 'g', 'a', 'i', ' ']",
y,"['p', 'l', 'a', 'y']","['p', 'l', 'a', ' ']",
o,"['l', 'o', 'o', 'k', 'i', 'n', 'g']","['l', ' ', ' ', 'k', 'i', 'n', 'g']",
e,"['i', 's', 's', 'u', 'e', 's']","['i', 's', 's', 'u', ' ', 's']",
i,"['a', 'p', 'r', 'i', 'l']","['a', 'p', 'r', ' ', 'l']",
v,"['n', 'e', 'v', 'e', 'r']","['n', 'e', ' ', 'e', 'r']",
s,"['u', 's', 'e', 'r', 's']","['u', ' ', 'e', 'r', ' ']",
m,"['c', 'o', 'm', 'p', 'l', 'e', 't', 'e']","['c', 'o', ' ', 'p', 'l', 'e', 't', 'e']",
r,"['s', 't', 'r', 'e', 'e', 't']","['s', 't', ' ', 'e', 'e', 't']",
p,"['t', 'o', 'p', 'i', 'c']","['t', 'o', ' ', 'i', 'c']",
n,"['c', 'o', 'm', 'm', 'e', 'n', 't']","['c', 'o', 'm', 'm', 'e', ' ', 't']",
a,"['f', 'i', 'n', 'a', 'n', 'c', 'i', 'a', 'l']","['f', 'i', 'n', ' ', 'n', 'c', 'i', ' ', 'l']",
n,"['t', 'h', 'i', 'n', 'g', 's']","['t', 'h', 'i', ' ', 'g', 's']",
i,"['w', 'o', 'r', 'k', 'i', 'n', 'g']","['w', 'o', 'r', 'k', ' ', 'n', 'g']",
t,"['a', 'g', 'a', 'i', 'n', 's', 't']","['a', 'g', 'a', 'i', 'n', 's', ' ']",
s,"['s', 't', 'a', 'n', 'd', 'a', 'r', 'd']","[' ', 't', 'a', 'n', 'd', 'a', 'r', 'd']",
a,"['t', 'a', 'x']","['t', ' ', 'x']",
n,"['p', 'e', 'r', 's', 'o', 'n']","['p', 'e', 'r', 's', 'o', ' ']",
b,"['b', 'e', 'l', 'o', 'w']","[' ', 'e', 'l', 'o', 'w']",
b,"['m', 'o', 'b', 'i', 'l', 'e']","['m', 'o', ' ', 'i', 'l', 'e']",
s,"['l', 'e', 's', 's']","['l', 'e', ' ', ' ']",
g,"['g', 'o', 't']","[' ', 'o', 't']",
g,"['b', 'l', 'o', 'g']","['b', 'l', 'o', ' ']",
p,"['p', 'a', 'r', 't', 'y']","[' ', 'a', 'r', 't', 'y']",
y,"['p', 'a', 'y', 'm', 'e', 'n', 't']","['p', 'a', ' ', 'm', 'e', 'n', 't']",
q,"['e', 'q', 'u', 'i', 'p', 'm', 'e', 'n', 't']","['e', ' ', 'u', 'i', 'p', 'm', 'e', 'n', 't']",
n,"['l', 'o', 'g', 'i', 'n']","['l', 'o', 'g', 'i', ' ']",
u,"['s', 't', 'u', 'd', 'e', 'n', 't']","['s', 't', ' ', 'd', 'e', 'n', 't']",
e,"['l', 'e', 't']","['l', ' ', 't']",
a,"['p', 'r', 'o', 'g', 'r', 'a', 'm', 's']","['p', 'r', 'o', 'g', 'r', ' ', 'm', 's']",
o,"['o', 'f', 'f', 'e', 'r', 's']","[' ', 'f', 'f', 'e', 'r', 's']",
g,"['l', 'e', 'g', 'a', 'l']","['l', 'e', ' ', 'a', 'l']",
o,"['a', 'b', 'o', 'v', 'e']","['a', 'b', ' ', 'v', 'e']",
t,"['r', 'e', 'c', 'e', 'n', 't']","['r', 'e', 'c', 'e', 'n', ' ']",
p,"['p', 'a', 'r', 'k']","[' ', 'a', 'r', 'k']",
s,"['s', 't', 'o', 'r', 'e', 's']","[' ', 't', 'o', 'r', 'e', ' ']",
i,"['s', 'i', 'd', 'e']","['s', ' ', 'd', 'e']",
c,"['a', 'c', 't']","['a', ' ', 't']",
p,"['p', 'r', 'o', 'b', 'l', 'e', 'm']","[' ', 'r', 'o', 'b', 'l', 'e', 'm']",
r,"['r', 'e', 'd']","[' ', 'e', 'd']",
i,"['g', 'i', 'v', 'e']","['g', ' ', 'v', 'e']",
e,"['m', 'e', 'm', 'o', 'r', 'y']","['m', ' ', 'm', 'o', 'r', 'y']",
a,"['p', 'e', 'r', 'f', 'o', 'r', 'm', 'a', 'n', 'c', 'e']","['p', 'e', 'r', 'f', 'o', 'r', 'm', ' ', 'n', 'c', 'e']",
a,"['s', 'o', 'c', 'i', 'a', 'l']","['s', 'o', 'c', 'i', ' ', 'l']",
s,"['a', 'u', 'g', 'u', 's', 't']","['a', 'u', 'g', 'u', ' ', 't']",
t,"['q', 'u', 'o', 't', 'e']","['q', 'u', 'o', ' ', 'e']",
u,"['l', 'a', 'n', 'g', 'u', 'a', 'g', 'e']","['l', 'a', 'n', 'g', ' ', 'a', 'g', 'e']",
o,"['s', 't', 'o', 'r', 'y']","['s', 't', ' ', 'r', 'y']",
s,"['s', 'e', 'l', 'l']","[' ', 'e', 'l', 'l']",
o,"['o', 'p', 't', 'i', 'o', 'n', 's']","[' ', 'p', 't', 'i', ' ', 'n', 's']",
x,"['e', 'x', 'p', 'e', 'r', 'i', 'e', 'n', 'c', 'e']","['e', ' ', 'p', 'e', 'r', 'i', 'e', 'n', 'c', 'e']",
e,"['r', 'a', 't', 'e', 's']","['r', 'a', 't', ' ', 's']",
c,"['c', 'r', 'e', 'a', 't', 'e']","[' ', 'r', 'e', 'a', 't', 'e']",
y,"['k', 'e', 'y']","['k', 'e', ' ']",
y,"['b', 'o', 'd', 'y']","['b', 'o', 'd', ' ']",
n,"['y', 'o', 'u', 'n', 'g']","['y', 'o', 'u', ' ', 'g']",
r,"['a', 'm', 'e', 'r', 'i', 'c', 'a']","['a', 'm', 'e', ' ', 'i', 'c', 'a']",
m,"['i', 'm', 'p', 'o', 'r', 't', 'a', 'n', 't']","['i', ' ', 'p', 'o', 'r', 't', 'a', 'n', 't']",
l,"['f', 'i', 'e', 'l', 'd']","['f', 'i', 'e', ' ', 'd']",
e,"['f', 'e', 'w']","['f', ' ', 'w']",
a,"['e', 'a', 's', 't']","['e', ' ', 's', 't']",
r,"['p', 'a', 'p', 'e', 'r']","['p', 'a', 'p', 'e', ' ']",
s,"['s', 'i', 'n', 'g', 'l', 'e']","[' ', 'i', 'n', 'g', 'l', 'e']",
a,"['a', 'g', 'e']","[' ', 'g', 'e']",
c,"['a', 'c', 't', 'i', 'v', 'i', 't', 'i', 'e', 's']","['a', ' ', 't', 'i', 'v', 'i', 't', 'i', 'e', 's']",
l,"['c', 'l', 'u', 'b']","['c', ' ', 'u', 'b']",
x,"['e', 'x', 'a', 'm', 'p', 'l', 'e']","['e', ' ', 'a', 'm', 'p', 'l', 'e']",
l,"['g', 'i', 'r', 'l', 's']","['g', 'i', 'r', ' ', 's']",
d,"['a', 'd', 'd', 'i', 't', 'i', 'o', 'n', 'a', 'l']","['a', ' ', ' ', 'i', 't', 'i', 'o', 'n', 'a', 'l']",
d,"['p', 'a', 's', 's', 'w', 'o', 'r', 'd']","['p', 'a', 's', 's', 'w', 'o', 'r', ' ']",
s,"['l', 'a', 't', 'e', 's', 't']","['l', 'a', 't', 'e', ' ', 't']",
g,"['s', 'o', 'm', 'e', 't', 'h', 'i', 'n', 'g']","['s', 'o', 'm', 'e', 't', 'h', 'i', 'n', ' ']",
o,"['r', 'o', 'a', 'd']","['r', ' ', 'a', 'd']",
f,"['g', 'i', 'f', 't']","['g', 'i', ' ', 't']",
i,"['q', 'u', 'e', 's', 't', 'i', 'o', 'n']","['q', 'u', 'e', 's', 't', ' ', 'o', 'n']",
n,"['c', 'h', 'a', 'n', 'g', 'e', 's']","['c', 'h', 'a', ' ', 'g', 'e', 's']",
h,"['n', 'i', 'g', 'h', 't']","['n', 'i', 'g', ' ', 't']",
h,"['h', 'a', 'r', 'd']","[' ', 'a', 'r', 'd']",
s,"['t', 'e', 'x', 'a', 's']","['t', 'e', 'x', 'a', ' ']",
t,"['o', 'c', 't']","['o', 'c', ' ']",
p,"['p', 'a', 'y']","[' ', 'a', 'y']",
f,"['f', 'o', 'u', 'r']","[' ', 'o', 'u', 'r']",
k,"['p', 'o', 'k', 'e', 'r']","['p', 'o', ' ', 'e', 'r']",
t,"['s', 't', 'a', 't', 'u', 's']","['s', ' ', 'a', ' ', 'u', 's']",
w,"['b', 'r', 'o', 'w', 's', 'e']","['b', 'r', 'o', ' ', 's', 'e']",
u,"['i', 's', 's', 'u', 'e']","['i', 's', 's', ' ', 'e']",
g,"['r', 'a', 'n', 'g', 'e']","['r', 'a', 'n', ' ', 'e']",
b,"['b', 'u', 'i', 'l', 'd', 'i', 'n', 'g']","[' ', 'u', 'i', 'l', 'd', 'i', 'n', 'g']",
e,"['s', 'e', 'l', 'l', 'e', 'r']","['s', ' ', 'l', 'l', ' ', 'r']",
u,"['c', 'o', 'u', 'r', 't']","['c', 'o', ' ', 'r', 't']",
b,"['f', 'e', 'b', 'r', 'u', 'a', 'r', 'y']","['f', 'e', ' ', 'r', 'u', 'a', 'r', 'y']",
s,"['a', 'l', 'w', 'a', 'y', 's']","['a', 'l', 'w', 'a', 'y', ' ']",
l,"['r', 'e', 's', 'u', 'l', 't']","['r', 'e', 's', 'u', ' ', 't']",
d,"['a', 'u', 'd', 'i', 'o']","['a', 'u', ' ', 'i', 'o']",
g,"['l', 'i', 'g', 'h', 't']","['l', 'i', ' ', 'h', 't']",
r,"['w', 'r', 'i', 't', 'e']","['w', ' ', 'i', 't', 'e']",
a,"['w', 'a', 'r']","['w', ' ', 'r']",
o,"['n', 'o', 'v']","['n', ' ', 'v']",
r,"['o', 'f', 'f', 'e', 'r']","['o', 'f', 'f', 'e', ' ']",
u,"['b', 'l', 'u', 'e']","['b', 'l', ' ', 'e']",
s,"['g', 'r', 'o', 'u', 'p', 's']","['g', 'r', 'o', 'u', 'p', ' ']",
s,"['e', 'a', 's', 'y']","['e', 'a', ' ', 'y']",
i,"['g', 'i', 'v', 'e', 'n']","['g', ' ', 'v', 'e', 'n']",
s,"['f', 'i', 'l', 'e', 's']","['f', 'i', 'l', 'e', ' ']",
e,"['e', 'v', 'e', 'n', 't']","[' ', 'v', ' ', 'n', 't']",
a,"['r', 'e', 'l', 'e', 'a', 's', 'e']","['r', 'e', 'l', 'e', ' ', 's', 'e']",
a,"['a', 'n', 'a', 'l', 'y', 's', 'i', 's']","[' ', 'n', ' ', 'l', 'y', 's', 'i', 's']",
u,"['r', 'e', 'q', 'u', 'e', 's', 't']","['r', 'e', 'q', ' ', 'e', 's', 't']",
x,"['f', 'a', 'x']","['f', 'a', ' ']",
c,"['c', 'h', 'i', 'n', 'a']","[' ', 'h', 'i', 'n', 'a']",
g,"['m', 'a', 'k', 'i', 'n', 'g']","['m', 'a', 'k', 'i', 'n', ' ']",
c,"['p', 'i', 'c', 't', 'u', 'r', 'e']","['p', 'i', ' ', 't', 'u', 'r', 'e']",
e,"['n', 'e', 'e', 'd', 's']","['n', ' ', ' ', 'd', 's']",
i,"['p', 'o', 's', 's', 'i', 'b', 'l', 'e']","['p', 'o', 's', 's', ' ', 'b', 'l', 'e']",
t,"['m', 'i', 'g', 'h', 't']","['m', 'i', 'g', 'h', ' ']",
l,"['p', 'r', 'o', 'f', 'e', 's', 's', 'i', 'o', 'n', 'a', 'l']","['p', 'r', 'o', 'f', 'e', 's', 's', 'i', 'o', 'n', 'a', ' ']",
y,"['y', 'e', 't']","[' ', 'e', 't']",
m,"['m', 'o', 'n', 't', 'h']","[' ', 'o', 'n', 't', 'h']",
m,"['m', 'a', 'j', 'o', 'r']","[' ', 'a', 'j', 'o', 'r']",
s,"['s', 't', 'a', 'r']","[' ', 't', 'a', 'r']",
s,"['a', 'r', 'e', 'a', 's']","['a', 'r', 'e', 'a', ' ']",
f,"['f', 'u', 't', 'u', 'r', 'e']","[' ', 'u', 't', 'u', 'r', 'e']",
s,"['s', 'p', 'a', 'c', 'e']","[' ', 'p', 'a', 'c', 'e']",
m,"['c', 'o', 'm', 'm', 'i', 't', 't', 'e', 'e']","['c', 'o', ' ', ' ', 'i', 't', 't', 'e', 'e']",
n,"['h', 'a', 'n', 'd']","['h', 'a', ' ', 'd']",
n,"['s', 'u', 'n']","['s', 'u', ' ']",
r,"['c', 'a', 'r', 'd', 's']","['c', 'a', ' ', 'd', 's']",
o,"['p', 'r', 'o', 'b', 'l', 'e', 'm', 's']","['p', 'r', ' ', 'b', 'l', 'e', 'm', 's']",
o,"['l', 'o', 'n', 'd', 'o', 'n']","['l', ' ', 'n', 'd', ' ', 'n']",
s,"['w', 'a', 's', 'h', 'i', 'n', 'g', 't', 'o', 'n']","['w', 'a', ' ', 'h', 'i', 'n', 'g', 't', 'o', 'n']",
n,"['m', 'e', 'e', 't', 'i', 'n', 'g']","['m', 'e', 'e', 't', 'i', ' ', 'g']",
r,"['r', 's', 's']","[' ', 's', 's']",
c,"['b', 'e', 'c', 'o', 'm', 'e']","['b', 'e', ' ', 'o', 'm', 'e']",
t,"['i', 'n', 't', 'e', 'r', 'e', 's', 't']","['i', 'n', ' ', 'e', 'r', 'e', 's', ' ']",
h,"['c', 'h', 'i', 'l', 'd']","['c', ' ', 'i', 'l', 'd']",
p,"['k', 'e', 'e', 'p']","['k', 'e', 'e', ' ']",
n,"['e', 'n', 't', 'e', 'r']","['e', ' ', 't', 'e', 'r']",
l,"['c', 'a', 'l', 'i', 'f', 'o', 'r', 'n', 'i', 'a']","['c', 'a', ' ', 'i', 'f', 'o', 'r', 'n', 'i', 'a']",
o,"['p', 'o', 'r', 'n']","['p', ' ', 'r', 'n']",
r,"['s', 'h', 'a', 'r', 'e']","['s', 'h', 'a', ' ', 'e']",
s,"['s', 'i', 'm', 'i', 'l', 'a', 'r']","[' ', 'i', 'm', 'i', 'l', 'a', 'r']",
a,"['g', 'a', 'r', 'd', 'e', 'n']","['g', ' ', 'r', 'd', 'e', 'n']",
s,"['s', 'c', 'h', 'o', 'o', 'l', 's']","[' ', 'c', 'h', 'o', 'o', 'l', ' ']",
o,"['m', 'i', 'l', 'l', 'i', 'o', 'n']","['m', 'i', 'l', 'l', 'i', ' ', 'n']",
d,"['a', 'd', 'd', 'e', 'd']","['a', ' ', ' ', 'e', ' ']",
r,"['r', 'e', 'f', 'e', 'r', 'e', 'n', 'c', 'e']","[' ', 'e', 'f', 'e', ' ', 'e', 'n', 'c', 'e']",
e,"['c', 'o', 'm', 'p', 'a', 'n', 'i', 'e', 's']","['c', 'o', 'm', 'p', 'a', 'n', 'i', ' ', 's']",
t,"['l', 'i', 's', 't', 'e', 'd']","['l', 'i', 's', ' ', 'e', 'd']",
a,"['b', 'a', 'b', 'y']","['b', ' ', 'b', 'y']",
r,"['l', 'e', 'a', 'r', 'n', 'i', 'n', 'g']","['l', 'e', 'a', ' ', 'n', 'i', 'n', 'g']",
r,"['e', 'n', 'e', 'r', 'g', 'y']","['e', 'n', 'e', ' ', 'g', 'y']",
r,"['r', 'u', 'n']","[' ', 'u', 'n']",
v,"['d', 'e', 'l', 'i', 'v', 'e', 'r', 'y']","['d', 'e', 'l', 'i', ' ', 'e', 'r', 'y']",
n,"['n', 'e', 't']","[' ', 'e', 't']",
r,"['p', 'o', 'p', 'u', 'l', 'a', 'r']","['p', 'o', 'p', 'u', 'l', 'a', ' ']",
r,"['t', 'e', 'r', 'm']","['t', 'e', ' ', 'm']",
l,"['f', 'i', 'l', 'm']","['f', 'i', ' ', 'm']",
t,"['s', 't', 'o', 'r', 'i', 'e', 's']","['s', ' ', 'o', 'r', 'i', 'e', 's']",
u,"['p', 'u', 't']","['p', ' ', 't']",
e,"['c', 'o', 'm', 'p', 'u', 't', 'e', 'r', 's']","['c', 'o', 'm', 'p', 'u', 't', ' ', 'r', 's']",
o,"['j', 'o', 'u', 'r', 'n', 'a', 'l']","['j', ' ', 'u', 'r', 'n', 'a', 'l']",
e,"['r', 'e', 'p', 'o', 'r', 't', 's']","['r', ' ', 'p', 'o', 'r', 't', 's']",
t,"['t', 'r', 'y']","[' ', 'r', 'y']",
w,"['w', 'e', 'l', 'c', 'o', 'm', 'e']","[' ', 'e', 'l', 'c', 'o', 'm', 'e']",
c,"['c', 'e', 'n', 't', 'r', 'a', 'l']","[' ', 'e', 'n', 't', 'r', 'a', 'l']",
e,"['i', 'm', 'a', 'g', 'e', 's']","['i', 'm', 'a', 'g', ' ', 's']",
p,"['p', 'r', 'e', 's', 'i', 'd', 'e', 'n', 't']","[' ', 'r', 'e', 's', 'i', 'd', 'e', 'n', 't']",
n,"['n', 'o', 't', 'i', 'c', 'e']","[' ', 'o', 't', 'i', 'c', 'e']",
o,"['g', 'o', 'd']","['g', ' ', 'd']",
i,"['o', 'r', 'i', 'g', 'i', 'n', 'a', 'l']","['o', 'r', ' ', 'g', ' ', 'n', 'a', 'l']",
d,"['h', 'e', 'a', 'd']","['h', 'e', 'a', ' ']",
d,"['r', 'a', 'd', 'i', 'o']","['r', 'a', ' ', 'i', 'o']",
n,"['u', 'n', 't', 'i', 'l']","['u', ' ', 't', 'i', 'l']",
c,"['c', 'e', 'l', 'l']","[' ', 'e', 'l', 'l']",
c,"['c', 'o', 'l', 'o', 'r']","[' ', 'o', 'l', 'o', 'r']",
s,"['s', 'e', 'l', 'f']","[' ', 'e', 'l', 'f']",
u,"['c', 'o', 'u', 'n', 'c', 'i', 'l']","['c', 'o', ' ', 'n', 'c', 'i', 'l']",
a,"['a', 'w', 'a', 'y']","[' ', 'w', ' ', 'y']",
n,"['i', 'n', 'c', 'l', 'u', 'd', 'e', 's']","['i', ' ', 'c', 'l', 'u', 'd', 'e', 's']",
r,"['t', 'r', 'a', 'c', 'k']","['t', ' ', 'a', 'c', 'k']",
s,"['a', 'u', 's', 't', 'r', 'a', 'l', 'i', 'a']","['a', 'u', ' ', 't', 'r', 'a', 'l', 'i', 'a']",
o,"['d', 'i', 's', 'c', 'u', 's', 's', 'i', 'o', 'n']","['d', 'i', 's', 'c', 'u', 's', 's', 'i', ' ', 'n']",
r,"['a', 'r', 'c', 'h', 'i', 'v', 'e']","['a', ' ', 'c', 'h', 'i', 'v', 'e']",
n,"['o', 'n', 'c', 'e']","['o', ' ', 'c', 'e']",
o,"['o', 't', 'h', 'e', 'r', 's']","[' ', 't', 'h', 'e', 'r', 's']",
i,"['e', 'n', 't', 'e', 'r', 't', 'a', 'i', 'n', 'm', 'e', 'n', 't']","['e', 'n', 't', 'e', 'r', 't', 'a', ' ', 'n', 'm', 'e', 'n', 't']",
r,"['a', 'g', 'r', 'e', 'e', 'm', 'e', 'n', 't']","['a', 'g', ' ', 'e', 'e', 'm', 'e', 'n', 't']",
r,"['f', 'o', 'r', 'm', 'a', 't']","['f', 'o', ' ', 'm', 'a', 't']",
a,"['l', 'e', 'a', 's', 't']","['l', 'e', ' ', 's', 't']",
o,"['s', 'o', 'c', 'i', 'e', 't', 'y']","['s', ' ', 'c', 'i', 'e', 't', 'y']",
n,"['m', 'o', 'n', 't', 'h', 's']","['m', 'o', ' ', 't', 'h', 's']",
g,"['l', 'o', 'g']","['l', 'o', ' ']",
e,"['s', 'a', 'f', 'e', 't', 'y']","['s', 'a', 'f', ' ', 't', 'y']",
d,"['f', 'r', 'i', 'e', 'n', 'd', 's']","['f', 'r', 'i', 'e', 'n', ' ', 's']",
u,"['s', 'u', 'r', 'e']","['s', ' ', 'r', 'e']",
f,"['f', 'a', 'q']","[' ', 'a', 'q']",
a,"['t', 'r', 'a', 'd', 'e']","['t', 'r', ' ', 'd', 'e']",
e,"['e', 'd', 'i', 't', 'i', 'o', 'n']","[' ', 'd', 'i', 't', 'i', 'o', 'n']",
s,"['c', 'a', 'r', 's']","['c', 'a', 'r', ' ']",
m,"['m', 'e', 's', 's', 'a', 'g', 'e', 's']","[' ', 'e', 's', 's', 'a', 'g', 'e', 's']",
g,"['m', 'a', 'r', 'k', 'e', 't', 'i', 'n', 'g']","['m', 'a', 'r', 'k', 'e', 't', 'i', 'n', ' ']",
t,"['t', 'e', 'l', 'l']","[' ', 'e', 'l', 'l']",
t,"['f', 'u', 'r', 't', 'h', 'e', 'r']","['f', 'u', 'r', ' ', 'h', 'e', 'r']",
d,"['u', 'p', 'd', 'a', 't', 'e', 'd']","['u', 'p', ' ', 'a', 't', 'e', ' ']",
o,"['a', 's', 's', 'o', 'c', 'i', 'a', 't', 'i', 'o', 'n']","['a', 's', 's', ' ', 'c', 'i', 'a', 't', 'i', ' ', 'n']",
a,"['a', 'b', 'l', 'e']","[' ', 'b', 'l', 'e']",
h,"['h', 'a', 'v', 'i', 'n', 'g']","[' ', 'a', 'v', 'i', 'n', 'g']",
o,"['p', 'r', 'o', 'v', 'i', 'd', 'e', 's']","['p', 'r', ' ', 'v', 'i', 'd', 'e', 's']",
d,"['d', 'a', 'v', 'i', 'd']","[' ', 'a', 'v', 'i', ' ']",
f,"['f', 'u', 'n']","[' ', 'u', 'n']",
a,"['a', 'l', 'r', 'e', 'a', 'd', 'y']","[' ', 'l', 'r', 'e', ' ', 'd', 'y']",
e,"['g', 'r', 'e', 'e', 'n']","['g', 'r', ' ', ' ', 'n']",
t,"['s', 't', 'u', 'd', 'i', 'e', 's']","['s', ' ', 'u', 'd', 'i', 'e', 's']",
l,"['c', 'l', 'o', 's', 'e']","['c', ' ', 'o', 's', 'e']",
n,"['c', 'o', 'm', 'm', 'o', 'n']","['c', 'o', 'm', 'm', 'o', ' ']",
e,"['d', 'r', 'i', 'v', 'e']","['d', 'r', 'i', 'v', ' ']",
f,"['s', 'p', 'e', 'c', 'i', 'f', 'i', 'c']","['s', 'p', 'e', 'c', 'i', ' ', 'i', 'c']",
v,"['s', 'e', 'v', 'e', 'r', 'a', 'l']","['s', 'e', ' ', 'e', 'r', 'a', 'l']",
o,"['g', 'o', 'l', 'd']","['g', ' ', 'l', 'd']",
f,"['f', 'e', 'b']","[' ', 'e', 'b']",
v,"['l', 'i', 'v', 'i', 'n', 'g']","['l', 'i', ' ', 'i', 'n', 'g']",
p,"['s', 'e', 'p']","['s', 'e', ' ']",
e,"['c', 'o', 'l', 'l', 'e', 'c', 't', 'i', 'o', 'n']","['c', 'o', 'l', 'l', ' ', 'c', 't', 'i', 'o', 'n']",
a,"['c', 'a', 'l', 'l', 'e', 'd']","['c', ' ', 'l', 'l', 'e', 'd']",
o,"['s', 'h', 'o', 'r', 't']","['s', 'h', ' ', 'r', 't']",
s,"['a', 'r', 't', 's']","['a', 'r', 't', ' ']",
t,"['l', 'o', 't']","['l', 'o', ' ']",
k,"['a', 's', 'k']","['a', 's', ' ']",
i,"['d', 'i', 's', 'p', 'l', 'a', 'y']","['d', ' ', 's', 'p', 'l', 'a', 'y']",
t,"['l', 'i', 'm', 'i', 't', 'e', 'd']","['l', 'i', 'm', 'i', ' ', 'e', 'd']",
p,"['p', 'o', 'w', 'e', 'r', 'e', 'd']","[' ', 'o', 'w', 'e', 'r', 'e', 'd']",
u,"['s', 'o', 'l', 'u', 't', 'i', 'o', 'n', 's']","['s', 'o', 'l', ' ', 't', 'i', 'o', 'n', 's']",
s,"['m', 'e', 'a', 'n', 's']","['m', 'e', 'a', 'n', ' ']",
i,"['d', 'i', 'r', 'e', 'c', 't', 'o', 'r']","['d', ' ', 'r', 'e', 'c', 't', 'o', 'r']",
y,"['d', 'a', 'i', 'l', 'y']","['d', 'a', 'i', 'l', ' ']",
c,"['b', 'e', 'a', 'c', 'h']","['b', 'e', 'a', ' ', 'h']",
p,"['p', 'a', 's', 't']","[' ', 'a', 's', 't']",
a,"['n', 'a', 't', 'u', 'r', 'a', 'l']","['n', ' ', 't', 'u', 'r', ' ', 'l']",
t,"['w', 'h', 'e', 't', 'h', 'e', 'r']","['w', 'h', 'e', ' ', 'h', 'e', 'r']",
d,"['d', 'u', 'e']","[' ', 'u', 'e']",
e,"['e', 'l', 'e', 'c', 't', 'r', 'o', 'n', 'i', 'c', 's']","[' ', 'l', ' ', 'c', 't', 'r', 'o', 'n', 'i', 'c', 's']",
e,"['f', 'i', 'v', 'e']","['f', 'i', 'v', ' ']",
o,"['u', 'p', 'o', 'n']","['u', 'p', ' ', 'n']",
o,"['p', 'e', 'r', 'i', 'o', 'd']","['p', 'e', 'r', 'i', ' ', 'd']",
a,"['p', 'l', 'a', 'n', 'n', 'i', 'n', 'g']","['p', 'l', ' ', 'n', 'n', 'i', 'n', 'g']",
a,"['d', 'a', 't', 'a', 'b', 'a', 's', 'e']","['d', ' ', 't', ' ', 'b', ' ', 's', 'e']",
a,"['s', 'a', 'y', 's']","['s', ' ', 'y', 's']",
c,"['o', 'f', 'f', 'i', 'c', 'i', 'a', 'l']","['o', 'f', 'f', 'i', ' ', 'i', 'a', 'l']",
t,"['w', 'e', 'a', 't', 'h', 'e', 'r']","['w', 'e', 'a', ' ', 'h', 'e', 'r']",
r,"['m', 'a', 'r']","['m', 'a', ' ']",
n,"['l', 'a', 'n', 'd']","['l', 'a', ' ', 'd']",
g,"['a', 'v', 'e', 'r', 'a', 'g', 'e']","['a', 'v', 'e', 'r', 'a', ' ', 'e']",
o,"['d', 'o', 'n', 'e']","['d', ' ', 'n', 'e']",
n,"['t', 'e', 'c', 'h', 'n', 'i', 'c', 'a', 'l']","['t', 'e', 'c', 'h', ' ', 'i', 'c', 'a', 'l']",
i,"['w', 'i', 'n', 'd', 'o', 'w']","['w', ' ', 'n', 'd', 'o', 'w']",
c,"['f', 'r', 'a', 'n', 'c', 'e']","['f', 'r', 'a', 'n', ' ', 'e']",
r,"['p', 'r', 'o']","['p', ' ', 'o']",
e,"['r', 'e', 'g', 'i', 'o', 'n']","['r', ' ', 'g', 'i', 'o', 'n']",
i,"['i', 's', 'l', 'a', 'n', 'd']","[' ', 's', 'l', 'a', 'n', 'd']",
d,"['r', 'e', 'c', 'o', 'r', 'd']","['r', 'e', 'c', 'o', 'r', ' ']",
r,"['d', 'i', 'r', 'e', 'c', 't']","['d', 'i', ' ', 'e', 'c', 't']",
i,"['m', 'i', 'c', 'r', 'o', 's', 'o', 'f', 't']","['m', ' ', 'c', 'r', 'o', 's', 'o', 'f', 't']",
e,"['c', 'o', 'n', 'f', 'e', 'r', 'e', 'n', 'c', 'e']","['c', 'o', 'n', 'f', ' ', 'r', ' ', 'n', 'c', ' ']",
r,"['e', 'n', 'v', 'i', 'r', 'o', 'n', 'm', 'e', 'n', 't']","['e', 'n', 'v', 'i', ' ', 'o', 'n', 'm', 'e', 'n', 't']",
o,"['r', 'e', 'c', 'o', 'r', 'd', 's']","['r', 'e', 'c', ' ', 'r', 'd', 's']",
r,"['d', 'i', 's', 't', 'r', 'i', 'c', 't']","['d', 'i', 's', 't', ' ', 'i', 'c', 't']",
l,"['c', 'a', 'l', 'e', 'n', 'd', 'a', 'r']","['c', 'a', ' ', 'e', 'n', 'd', 'a', 'r']",
o,"['c', 'o', 's', 't', 's']","['c', ' ', 's', 't', 's']",
l,"['s', 't', 'y', 'l', 'e']","['s', 't', 'y', ' ', 'e']",
u,"['u', 'r', 'l']","[' ', 'r', 'l']",
o,"['f', 'r', 'o', 'n', 't']","['f', 'r', ' ', 'n', 't']",
t,"['s', 't', 'a', 't', 'e', 'm', 'e', 'n', 't']","['s', ' ', 'a', ' ', 'e', 'm', 'e', 'n', ' ']",
a,"['u', 'p', 'd', 'a', 't', 'e']","['u', 'p', 'd', ' ', 't', 'e']",
a,"['p', 'a', 'r', 't', 's']","['p', ' ', 'r', 't', 's']",
g,"['a', 'u', 'g']","['a', 'u', ' ']",
r,"['e', 'v', 'e', 'r']","['e', 'v', 'e', ' ']",
d,"['d', 'o', 'w', 'n', 'l', 'o', 'a', 'd', 's']","[' ', 'o', 'w', 'n', 'l', 'o', 'a', ' ', 's']",
e,"['e', 'a', 'r', 'l', 'y']","[' ', 'a', 'r', 'l', 'y']",
s,"['m', 'i', 'l', 'e', 's']","['m', 'i', 'l', 'e', ' ']",
d,"['s', 'o', 'u', 'n', 'd']","['s', 'o', 'u', 'n', ' ']",
s,"['r', 'e', 's', 'o', 'u', 'r', 'c', 'e']","['r', 'e', ' ', 'o', 'u', 'r', 'c', 'e']",
r,"['p', 'r', 'e', 's', 'e', 'n', 't']","['p', ' ', 'e', 's', 'e', 'n', 't']",
n,"['a', 'p', 'p', 'l', 'i', 'c', 'a', 't', 'i', 'o', 'n', 's']","['a', 'p', 'p', 'l', 'i', 'c', 'a', 't', 'i', 'o', ' ', 's']",
h,"['e', 'i', 't', 'h', 'e', 'r']","['e', 'i', 't', ' ', 'e', 'r']",
o,"['a', 'g', 'o']","['a', 'g', ' ']",
n,"['d', 'o', 'c', 'u', 'm', 'e', 'n', 't']","['d', 'o', 'c', 'u', 'm', 'e', ' ', 't']",
w,"['w', 'o', 'r', 'd']","[' ', 'o', 'r', 'd']",
w,"['w', 'o', 'r', 'k', 's']","[' ', 'o', 'r', 'k', 's']",
l,"['m', 'a', 't', 'e', 'r', 'i', 'a', 'l']","['m', 'a', 't', 'e', 'r', 'i', 'a', ' ']",
l,"['b', 'i', 'l', 'l']","['b', 'i', ' ', ' ']",
a,"['a', 'p', 'r']","[' ', 'p', 'r']",
e,"['w', 'r', 'i', 't', 't', 'e', 'n']","['w', 'r', 'i', 't', 't', ' ', 'n']",
k,"['t', 'a', 'l', 'k']","['t', 'a', 'l', ' ']",
r,"['f', 'e', 'd', 'e', 'r', 'a', 'l']","['f', 'e', 'd', 'e', ' ', 'a', 'l']",
n,"['h', 'o', 's', 't', 'i', 'n', 'g']","['h', 'o', 's', 't', 'i', ' ', 'g']",
r,"['r', 'u', 'l', 'e', 's']","[' ', 'u', 'l', 'e', 's']",
f,"['f', 'i', 'n', 'a', 'l']","[' ', 'i', 'n', 'a', 'l']",
u,"['a', 'd', 'u', 'l', 't']","['a', 'd', ' ', 'l', 't']",
s,"['t', 'i', 'c', 'k', 'e', 't', 's']","['t', 'i', 'c', 'k', 'e', 't', ' ']",
t,"['t', 'h', 'i', 'n', 'g']","[' ', 'h', 'i', 'n', 'g']",
c,"['c', 'e', 'n', 't', 'r', 'e']","[' ', 'e', 'n', 't', 'r', 'e']",
u,"['r', 'e', 'q', 'u', 'i', 'r', 'e', 'm', 'e', 'n', 't', 's']","['r', 'e', 'q', ' ', 'i', 'r', 'e', 'm', 'e', 'n', 't', 's']",
v,"['v', 'i', 'a']","[' ', 'i', 'a']",
a,"['c', 'h', 'e', 'a', 'p']","['c', 'h', 'e', ' ', 'p']",
e,"['n', 'u', 'd', 'e']","['n', 'u', 'd', ' ']",
s,"['k', 'i', 'd', 's']","['k', 'i', 'd', ' ']",
f,"['f', 'i', 'n', 'a', 'n', 'c', 'e']","[' ', 'i', 'n', 'a', 'n', 'c', 'e']",
r,"['t', 'r', 'u', 'e']","['t', ' ', 'u', 'e']",
e,"['m', 'i', 'n', 'u', 't', 'e', 's']","['m', 'i', 'n', 'u', 't', ' ', 's']",
l,"['e', 'l', 's', 'e']","['e', ' ', 's', 'e']",
r,"['m', 'a', 'r', 'k']","['m', 'a', ' ', 'k']",
h,"['t', 'h', 'i', 'r', 'd']","['t', ' ', 'i', 'r', 'd']",
o,"['r', 'o', 'c', 'k']","['r', ' ', 'c', 'k']",
f,"['g', 'i', 'f', 't', 's']","['g', 'i', ' ', 't', 's']",
p,"['e', 'u', 'r', 'o', 'p', 'e']","['e', 'u', 'r', 'o', ' ', 'e']",
g,"['r', 'e', 'a', 'd', 'i', 'n', 'g']","['r', 'e', 'a', 'd', 'i', 'n', ' ']",
p,"['t', 'o', 'p', 'i', 'c', 's']","['t', 'o', ' ', 'i', 'c', 's']",
d,"['b', 'a', 'd']","['b', 'a', ' ']",
l,"['i', 'n', 'd', 'i', 'v', 'i', 'd', 'u', 'a', 'l']","['i', 'n', 'd', 'i', 'v', 'i', 'd', 'u', 'a', ' ']",
i,"['t', 'i', 'p', 's']","['t', ' ', 'p', 's']",
u,"['p', 'l', 'u', 's']","['p', 'l', ' ', 's']",
a,"['a', 'u', 't', 'o']","[' ', 'u', 't', 'o']",
o,"['c', 'o', 'v', 'e', 'r']","['c', ' ', 'v', 'e', 'r']",
u,"['u', 's', 'u', 'a', 'l', 'l', 'y']","[' ', 's', ' ', 'a', 'l', 'l', 'y']",
e,"['e', 'd', 'i', 't']","[' ', 'd', 'i', 't']",
r,"['t', 'o', 'g', 'e', 't', 'h', 'e', 'r']","['t', 'o', 'g', 'e', 't', 'h', 'e', ' ']",
i,"['v', 'i', 'd', 'e', 'o', 's']","['v', ' ', 'd', 'e', 'o', 's']",
e,"['p', 'e', 'r', 'c', 'e', 'n', 't']","['p', ' ', 'r', 'c', ' ', 'n', 't']",
f,"['f', 'a', 's', 't']","[' ', 'a', 's', 't']",
i,"['f', 'u', 'n', 'c', 't', 'i', 'o', 'n']","['f', 'u', 'n', 'c', 't', ' ', 'o', 'n']",
c,"['f', 'a', 'c', 't']","['f', 'a', ' ', 't']",
u,"['u', 'n', 'i', 't']","[' ', 'n', 'i', 't']",
n,"['g', 'e', 't', 't', 'i', 'n', 'g']","['g', 'e', 't', 't', 'i', ' ', 'g']",
g,"['g', 'l', 'o', 'b', 'a', 'l']","[' ', 'l', 'o', 'b', 'a', 'l']",
e,"['t', 'e', 'c', 'h']","['t', ' ', 'c', 'h']",
m,"['m', 'e', 'e', 't']","[' ', 'e', 'e', 't']",
r,"['f', 'a', 'r']","['f', 'a', ' ']",
i,"['e', 'c', 'o', 'n', 'o', 'm', 'i', 'c']","['e', 'c', 'o', 'n', 'o', 'm', ' ', 'c']",
a,"['p', 'l', 'a', 'y', 'e', 'r']","['p', 'l', ' ', 'y', 'e', 'r']",
e,"['p', 'r', 'o', 'j', 'e', 'c', 't', 's']","['p', 'r', 'o', 'j', ' ', 'c', 't', 's']",
l,"['l', 'y', 'r', 'i', 'c', 's']","[' ', 'y', 'r', 'i', 'c', 's']",
t,"['o', 'f', 't', 'e', 'n']","['o', 'f', ' ', 'e', 'n']",
r,"['s', 'u', 'b', 's', 'c', 'r', 'i', 'b', 'e']","['s', 'u', 'b', 's', 'c', ' ', 'i', 'b', 'e']",
t,"['s', 'u', 'b', 'm', 'i', 't']","['s', 'u', 'b', 'm', 'i', ' ']",
g,"['g', 'e', 'r', 'm', 'a', 'n', 'y']","[' ', 'e', 'r', 'm', 'a', 'n', 'y']",
t,"['a', 'm', 'o', 'u', 'n', 't']","['a', 'm', 'o', 'u', 'n', ' ']",
h,"['w', 'a', 't', 'c', 'h']","['w', 'a', 't', 'c', ' ']",
e,"['i', 'n', 'c', 'l', 'u', 'd', 'e', 'd']","['i', 'n', 'c', 'l', 'u', 'd', ' ', 'd']",
e,"['f', 'e', 'e', 'l']","['f', ' ', ' ', 'l']",
u,"['t', 'h', 'o', 'u', 'g', 'h']","['t', 'h', 'o', ' ', 'g', 'h']",
b,"['b', 'a', 'n', 'k']","[' ', 'a', 'n', 'k']",
r,"['r', 'i', 's', 'k']","[' ', 'i', 's', 'k']",
h,"['t', 'h', 'a', 'n', 'k', 's']","['t', ' ', 'a', 'n', 'k', 's']",
v,"['e', 'v', 'e', 'r', 'y', 't', 'h', 'i', 'n', 'g']","['e', ' ', 'e', 'r', 'y', 't', 'h', 'i', 'n', 'g']",
s,"['d', 'e', 'a', 'l', 's']","['d', 'e', 'a', 'l', ' ']",
r,"['v', 'a', 'r', 'i', 'o', 'u', 's']","['v', 'a', ' ', 'i', 'o', 'u', 's']",
r,"['w', 'o', 'r', 'd', 's']","['w', 'o', ' ', 'd', 's']",
l,"['l', 'i', 'n', 'u', 'x']","[' ', 'i', 'n', 'u', 'x']",
l,"['j', 'u', 'l']","['j', 'u', ' ']",
n,"['p', 'r', 'o', 'd', 'u', 'c', 't', 'i', 'o', 'n']","['p', 'r', 'o', 'd', 'u', 'c', 't', 'i', 'o', ' ']",
a,"['c', 'o', 'm', 'm', 'e', 'r', 'c', 'i', 'a', 'l']","['c', 'o', 'm', 'm', 'e', 'r', 'c', 'i', ' ', 'l']",
s,"['j', 'a', 'm', 'e', 's']","['j', 'a', 'm', 'e', ' ']",
g,"['w', 'e', 'i', 'g', 'h', 't']","['w', 'e', 'i', ' ', 'h', 't']",
n,"['t', 'o', 'w', 'n']","['t', 'o', 'w', ' ']",
h,"['h', 'e', 'a', 'r', 't']","[' ', 'e', 'a', 'r', 't']",
e,"['a', 'd', 'v', 'e', 'r', 't', 'i', 's', 'i', 'n', 'g']","['a', 'd', 'v', ' ', 'r', 't', 'i', 's', 'i', 'n', 'g']",
d,"['r', 'e', 'c', 'e', 'i', 'v', 'e', 'd']","['r', 'e', 'c', 'e', 'i', 'v', 'e', ' ']",
h,"['c', 'h', 'o', 'o', 's', 'e']","['c', ' ', 'o', 'o', 's', 'e']",
t,"['t', 'r', 'e', 'a', 't', 'm', 'e', 'n', 't']","[' ', 'r', 'e', 'a', ' ', 'm', 'e', 'n', ' ']",
s,"['n', 'e', 'w', 's', 'l', 'e', 't', 't', 'e', 'r']","['n', 'e', 'w', ' ', 'l', 'e', 't', 't', 'e', 'r']",
e,"['a', 'r', 'c', 'h', 'i', 'v', 'e', 's']","['a', 'r', 'c', 'h', 'i', 'v', ' ', 's']",
t,"['p', 'o', 'i', 'n', 't', 's']","['p', 'o', 'i', 'n', ' ', 's']",
l,"['k', 'n', 'o', 'w', 'l', 'e', 'd', 'g', 'e']","['k', 'n', 'o', 'w', ' ', 'e', 'd', 'g', 'e']",
a,"['m', 'a', 'g', 'a', 'z', 'i', 'n', 'e']","['m', ' ', 'g', ' ', 'z', 'i', 'n', 'e']",
r,"['e', 'r', 'r', 'o', 'r']","['e', ' ', ' ', 'o', ' ']",
c,"['c', 'a', 'm', 'e', 'r', 'a']","[' ', 'a', 'm', 'e', 'r', 'a']",
n,"['j', 'u', 'n']","['j', 'u', ' ']",
l,"['g', 'i', 'r', 'l']","['g', 'i', 'r', ' ']",
t,"['c', 'u', 'r', 'r', 'e', 'n', 't', 'l', 'y']","['c', 'u', 'r', 'r', 'e', 'n', ' ', 'l', 'y']",
s,"['c', 'o', 'n', 's', 't', 'r', 'u', 'c', 't', 'i', 'o', 'n']","['c', 'o', 'n', ' ', 't', 'r', 'u', 'c', 't', 'i', 'o', 'n']",
s,"['t', 'o', 'y', 's']","['t', 'o', 'y', ' ']",
r,"['r', 'e', 'g', 'i', 's', 't', 'e', 'r', 'e', 'd']","[' ', 'e', 'g', 'i', 's', 't', 'e', ' ', 'e', 'd']",
c,"['c', 'l', 'e', 'a', 'r']","[' ', 'l', 'e', 'a', 'r']",
o,"['g', 'o', 'l', 'f']","['g', ' ', 'l', 'f']",
v,"['r', 'e', 'c', 'e', 'i', 'v', 'e']","['r', 'e', 'c', 'e', 'i', ' ', 'e']",
d,"['d', 'o', 'm', 'a', 'i', 'n']","[' ', 'o', 'm', 'a', 'i', 'n']",
o,"['m', 'e', 't', 'h', 'o', 'd', 's']","['m', 'e', 't', 'h', ' ', 'd', 's']",
a,"['c', 'h', 'a', 'p', 't', 'e', 'r']","['c', 'h', ' ', 'p', 't', 'e', 'r']",
a,"['m', 'a', 'k', 'e', 's']","['m', ' ', 'k', 'e', 's']",
o,"['p', 'r', 'o', 't', 'e', 'c', 't', 'i', 'o', 'n']","['p', 'r', ' ', 't', 'e', 'c', 't', 'i', ' ', 'n']",
p,"['p', 'o', 'l', 'i', 'c', 'i', 'e', 's']","[' ', 'o', 'l', 'i', 'c', 'i', 'e', 's']",
a,"['l', 'o', 'a', 'n']","['l', 'o', ' ', 'n']",
i,"['w', 'i', 'd', 'e']","['w', ' ', 'd', 'e']",
t,"['b', 'e', 'a', 'u', 't', 'y']","['b', 'e', 'a', 'u', ' ', 'y']",
a,"['m', 'a', 'n', 'a', 'g', 'e', 'r']","['m', ' ', 'n', ' ', 'g', 'e', 'r']",
i,"['i', 'n', 'd', 'i', 'a']","[' ', 'n', 'd', ' ', 'a']",
n,"['p', 'o', 's', 'i', 't', 'i', 'o', 'n']","['p', 'o', 's', 'i', 't', 'i', 'o', ' ']",
e,"['t', 'a', 'k', 'e', 'n']","['t', 'a', 'k', ' ', 'n']",
r,"['s', 'o', 'r', 't']","['s', 'o', ' ', 't']",
i,"['l', 'i', 's', 't', 'i', 'n', 'g', 's']","['l', ' ', 's', 't', ' ', 'n', 'g', 's']",
e,"['m', 'o', 'd', 'e', 'l', 's']","['m', 'o', 'd', ' ', 'l', 's']",
h,"['m', 'i', 'c', 'h', 'a', 'e', 'l']","['m', 'i', 'c', ' ', 'a', 'e', 'l']",
k,"['k', 'n', 'o', 'w', 'n']","[' ', 'n', 'o', 'w', 'n']",
a,"['h', 'a', 'l', 'f']","['h', ' ', 'l', 'f']",
e,"['c', 'a', 's', 'e', 's']","['c', 'a', 's', ' ', 's']",
s,"['s', 't', 'e', 'p']","[' ', 't', 'e', 'p']",
g,"['e', 'n', 'g', 'i', 'n', 'e', 'e', 'r', 'i', 'n', 'g']","['e', 'n', ' ', 'i', 'n', 'e', 'e', 'r', 'i', 'n', ' ']",
o,"['f', 'l', 'o', 'r', 'i', 'd', 'a']","['f', 'l', ' ', 'r', 'i', 'd', 'a']",
i,"['s', 'i', 'm', 'p', 'l', 'e']","['s', ' ', 'm', 'p', 'l', 'e']",
i,"['q', 'u', 'i', 'c', 'k']","['q', 'u', ' ', 'c', 'k']",
n,"['n', 'o', 'n', 'e']","[' ', 'o', ' ', 'e']",
e,"['w', 'i', 'r', 'e', 'l', 'e', 's', 's']","['w', 'i', 'r', ' ', 'l', ' ', 's', 's']",
e,"['l', 'i', 'c', 'e', 'n', 's', 'e']","['l', 'i', 'c', ' ', 'n', 's', ' ']",
l,"['p', 'a', 'u', 'l']","['p', 'a', 'u', ' ']",
i,"['f', 'r', 'i', 'd', 'a', 'y']","['f', 'r', ' ', 'd', 'a', 'y']",
e,"['l', 'a', 'k', 'e']","['l', 'a', 'k', ' ']",
h,"['w', 'h', 'o', 'l', 'e']","['w', ' ', 'o', 'l', 'e']",
a,"['a', 'n', 'n', 'u', 'a', 'l']","[' ', 'n', 'n', 'u', ' ', 'l']",
e,"['p', 'u', 'b', 'l', 'i', 's', 'h', 'e', 'd']","['p', 'u', 'b', 'l', 'i', 's', 'h', ' ', 'd']",
a,"['l', 'a', 't', 'e', 'r']","['l', ' ', 't', 'e', 'r']",
i,"['b', 'a', 's', 'i', 'c']","['b', 'a', 's', ' ', 'c']",
n,"['s', 'o', 'n', 'y']","['s', 'o', ' ', 'y']",
w,"['s', 'h', 'o', 'w', 's']","['s', 'h', 'o', ' ', 's']",
c,"['c', 'o', 'r', 'p', 'o', 'r', 'a', 't', 'e']","[' ', 'o', 'r', 'p', 'o', 'r', 'a', 't', 'e']",
o,"['g', 'o', 'o', 'g', 'l', 'e']","['g', ' ', ' ', 'g', 'l', 'e']",
h,"['c', 'h', 'u', 'r', 'c', 'h']","['c', ' ', 'u', 'r', 'c', ' ']",
d,"['m', 'e', 't', 'h', 'o', 'd']","['m', 'e', 't', 'h', 'o', ' ']",
h,"['p', 'u', 'r', 'c', 'h', 'a', 's', 'e']","['p', 'u', 'r', 'c', ' ', 'a', 's', 'e']",
c,"['c', 'u', 's', 't', 'o', 'm', 'e', 'r', 's']","[' ', 'u', 's', 't', 'o', 'm', 'e', 'r', 's']",
v,"['a', 'c', 't', 'i', 'v', 'e']","['a', 'c', 't', 'i', ' ', 'e']",
n,"['r', 'e', 's', 'p', 'o', 'n', 's', 'e']","['r', 'e', 's', 'p', 'o', ' ', 's', 'e']",
e,"['p', 'r', 'a', 'c', 't', 'i', 'c', 'e']","['p', 'r', 'a', 'c', 't', 'i', 'c', ' ']",
w,"['h', 'a', 'r', 'd', 'w', 'a', 'r', 'e']","['h', 'a', 'r', 'd', ' ', 'a', 'r', 'e']",
r,"['f', 'i', 'g', 'u', 'r', 'e']","['f', 'i', 'g', 'u', ' ', 'e']",
a,"['m', 'a', 't', 'e', 'r', 'i', 'a', 'l', 's']","['m', ' ', 't', 'e', 'r', 'i', ' ', 'l', 's']",
f,"['f', 'i', 'r', 'e']","[' ', 'i', 'r', 'e']",
l,"['h', 'o', 'l', 'i', 'd', 'a', 'y']","['h', 'o', ' ', 'i', 'd', 'a', 'y']",
c,"['c', 'h', 'a', 't']","[' ', 'h', 'a', 't']",
u,"['e', 'n', 'o', 'u', 'g', 'h']","['e', 'n', 'o', ' ', 'g', 'h']",
s,"['d', 'e', 's', 'i', 'g', 'n', 'e', 'd']","['d', 'e', ' ', 'i', 'g', 'n', 'e', 'd']",
n,"['a', 'l', 'o', 'n', 'g']","['a', 'l', 'o', ' ', 'g']",
o,"['a', 'm', 'o', 'n', 'g']","['a', 'm', ' ', 'n', 'g']",
a,"['d', 'e', 'a', 't', 'h']","['d', 'e', ' ', 't', 'h']",
g,"['w', 'r', 'i', 't', 'i', 'n', 'g']","['w', 'r', 'i', 't', 'i', 'n', ' ']",
e,"['s', 'p', 'e', 'e', 'd']","['s', 'p', ' ', ' ', 'd']",
m,"['h', 't', 'm', 'l']","['h', 't', ' ', 'l']",
s,"['c', 'o', 'u', 'n', 't', 'r', 'i', 'e', 's']","['c', 'o', 'u', 'n', 't', 'r', 'i', 'e', ' ']",
s,"['l', 'o', 's', 's']","['l', 'o', ' ', ' ']",
e,"['f', 'a', 'c', 'e']","['f', 'a', 'c', ' ']",
r,"['b', 'r', 'a', 'n', 'd']","['b', ' ', 'a', 'n', 'd']",
u,"['d', 'i', 's', 'c', 'o', 'u', 'n', 't']","['d', 'i', 's', 'c', 'o', ' ', 'n', 't']",
e,"['h', 'i', 'g', 'h', 'e', 'r']","['h', 'i', 'g', 'h', ' ', 'r']",
f,"['e', 'f', 'f', 'e', 'c', 't', 's']","['e', ' ', ' ', 'e', 'c', 't', 's']",
c,"['c', 'r', 'e', 'a', 't', 'e', 'd']","[' ', 'r', 'e', 'a', 't', 'e', 'd']",
m,"['r', 'e', 'm', 'e', 'm', 'b', 'e', 'r']","['r', 'e', ' ', 'e', ' ', 'b', 'e', 'r']",
d,"['s', 't', 'a', 'n', 'd', 'a', 'r', 'd', 's']","['s', 't', 'a', 'n', ' ', 'a', 'r', ' ', 's']",
l,"['o', 'i', 'l']","['o', 'i', ' ']",
b,"['b', 'i', 't']","[' ', 'i', 't']",
e,"['y', 'e', 'l', 'l', 'o', 'w']","['y', ' ', 'l', 'l', 'o', 'w']",
a,"['p', 'o', 'l', 'i', 't', 'i', 'c', 'a', 'l']","['p', 'o', 'l', 'i', 't', 'i', 'c', ' ', 'l']",
c,"['i', 'n', 'c', 'r', 'e', 'a', 's', 'e']","['i', 'n', ' ', 'r', 'e', 'a', 's', 'e']",
r,"['a', 'd', 'v', 'e', 'r', 't', 'i', 's', 'e']","['a', 'd', 'v', 'e', ' ', 't', 'i', 's', 'e']",
d,"['k', 'i', 'n', 'g', 'd', 'o', 'm']","['k', 'i', 'n', 'g', ' ', 'o', 'm']",
e,"['b', 'a', 's', 'e']","['b', 'a', 's', ' ']",
a,"['n', 'e', 'a', 'r']","['n', 'e', ' ', 'r']",
m,"['e', 'n', 'v', 'i', 'r', 'o', 'n', 'm', 'e', 'n', 't', 'a', 'l']","['e', 'n', 'v', 'i', 'r', 'o', 'n', ' ', 'e', 'n', 't', 'a', 'l']",
u,"['t', 'h', 'o', 'u', 'g', 'h', 't']","['t', 'h', 'o', ' ', 'g', 'h', 't']",
f,"['s', 't', 'u', 'f', 'f']","['s', 't', 'u', ' ', ' ']",
e,"['f', 'r', 'e', 'n', 'c', 'h']","['f', 'r', ' ', 'n', 'c', 'h']",
o,"['s', 't', 'o', 'r', 'a', 'g', 'e']","['s', 't', ' ', 'r', 'a', 'g', 'e']",
j,"['j', 'a', 'p', 'a', 'n']","[' ', 'a', 'p', 'a', 'n']",
g,"['d', 'o', 'i', 'n', 'g']","['d', 'o', 'i', 'n', ' ']",
o,"['l', 'o', 'a', 'n', 's']","['l', ' ', 'a', 'n', 's']",
h,"['s', 'h', 'o', 'e', 's']","['s', ' ', 'o', 'e', 's']",
e,"['e', 'n', 't', 'r', 'y']","[' ', 'n', 't', 'r', 'y']",
t,"['s', 't', 'a', 'y']","['s', ' ', 'a', 'y']",
a,"['n', 'a', 't', 'u', 'r', 'e']","['n', ' ', 't', 'u', 'r', 'e']",
e,"['o', 'r', 'd', 'e', 'r', 's']","['o', 'r', 'd', ' ', 'r', 's']",
a,"['a', 'v', 'a', 'i', 'l', 'a', 'b', 'i', 'l', 'i', 't', 'y']","[' ', 'v', ' ', 'i', 'l', ' ', 'b', 'i', 'l', 'i', 't', 'y']",
r,"['a', 'f', 'r', 'i', 'c', 'a']","['a', 'f', ' ', 'i', 'c', 'a']",
r,"['s', 'u', 'm', 'm', 'a', 'r', 'y']","['s', 'u', 'm', 'm', 'a', ' ', 'y']",
u,"['t', 'u', 'r', 'n']","['t', ' ', 'r', 'n']",
a,"['m', 'e', 'a', 'n']","['m', 'e', ' ', 'n']",
o,"['g', 'r', 'o', 'w', 't', 'h']","['g', 'r', ' ', 'w', 't', 'h']",
t,"['n', 'o', 't', 'e', 's']","['n', 'o', ' ', 'e', 's']",
y,"['a', 'g', 'e', 'n', 'c', 'y']","['a', 'g', 'e', 'n', 'c', ' ']",
k,"['k', 'i', 'n', 'g']","[' ', 'i', 'n', 'g']",
o,"['m', 'o', 'n', 'd', 'a', 'y']","['m', ' ', 'n', 'd', 'a', 'y']",
n,"['e', 'u', 'r', 'o', 'p', 'e', 'a', 'n']","['e', 'u', 'r', 'o', 'p', 'e', 'a', ' ']",
t,"['a', 'c', 't', 'i', 'v', 'i', 't', 'y']","['a', 'c', ' ', 'i', 'v', 'i', ' ', 'y']",
p,"['c', 'o', 'p', 'y']","['c', 'o', ' ', 'y']",
l,"['a', 'l', 't', 'h', 'o', 'u', 'g', 'h']","['a', ' ', 't', 'h', 'o', 'u', 'g', 'h']",
r,"['d', 'r', 'u', 'g']","['d', ' ', 'u', 'g']",
p,"['p', 'i', 'c', 's']","[' ', 'i', 'c', 's']",
s,"['w', 'e', 's', 't', 'e', 'r', 'n']","['w', 'e', ' ', 't', 'e', 'r', 'n']",
e,"['i', 'n', 'c', 'o', 'm', 'e']","['i', 'n', 'c', 'o', 'm', ' ']",
o,"['f', 'o', 'r', 'c', 'e']","['f', ' ', 'r', 'c', 'e']",
s,"['c', 'a', 's', 'h']","['c', 'a', ' ', 'h']",
l,"['e', 'm', 'p', 'l', 'o', 'y', 'm', 'e', 'n', 't']","['e', 'm', 'p', ' ', 'o', 'y', 'm', 'e', 'n', 't']",
v,"['o', 'v', 'e', 'r', 'a', 'l', 'l']","['o', ' ', 'e', 'r', 'a', 'l', 'l']",
b,"['b', 'a', 'y']","[' ', 'a', 'y']",
v,"['r', 'i', 'v', 'e', 'r']","['r', 'i', ' ', 'e', 'r']",
i,"['c', 'o', 'm', 'm', 'i', 's', 's', 'i', 'o', 'n']","['c', 'o', 'm', 'm', ' ', 's', 's', ' ', 'o', 'n']",
a,"['p', 'a', 'c', 'k', 'a', 'g', 'e']","['p', ' ', 'c', 'k', ' ', 'g', 'e']",
c,"['c', 'o', 'n', 't', 'e', 'n', 't', 's']","[' ', 'o', 'n', 't', 'e', 'n', 't', 's']",
n,"['s', 'e', 'e', 'n']","['s', 'e', 'e', ' ']",
a,"['p', 'l', 'a', 'y', 'e', 'r', 's']","['p', 'l', ' ', 'y', 'e', 'r', 's']",
e,"['e', 'n', 'g', 'i', 'n', 'e']","[' ', 'n', 'g', 'i', 'n', ' ']",
p,"['p', 'o', 'r', 't']","[' ', 'o', 'r', 't']",
u,"['a', 'l', 'b', 'u', 'm']","['a', 'l', 'b', ' ', 'm']",
n,"['r', 'e', 'g', 'i', 'o', 'n', 'a', 'l']","['r', 'e', 'g', 'i', 'o', ' ', 'a', 'l']",
t,"['s', 't', 'o', 'p']","['s', ' ', 'o', 'p']",
u,"['s', 'u', 'p', 'p', 'l', 'i', 'e', 's']","['s', ' ', 'p', 'p', 'l', 'i', 'e', 's']",
e,"['s', 't', 'a', 'r', 't', 'e', 'd']","['s', 't', 'a', 'r', 't', ' ', 'd']",
t,"['a', 'd', 'm', 'i', 'n', 'i', 's', 't', 'r', 'a', 't', 'i', 'o', 'n']","['a', 'd', 'm', 'i', 'n', 'i', 's', ' ', 'r', 'a', ' ', 'i', 'o', 'n']",
b,"['b', 'a', 'r']","[' ', 'a', 'r']",
t,"['i', 'n', 's', 't', 'i', 't', 'u', 't', 'e']","['i', 'n', 's', ' ', 'i', ' ', 'u', ' ', 'e']",
i,"['v', 'i', 'e', 'w', 's']","['v', ' ', 'e', 'w', 's']",
p,"['p', 'l', 'a', 'n', 's']","[' ', 'l', 'a', 'n', 's']",
o,"['d', 'o', 'u', 'b', 'l', 'e']","['d', ' ', 'u', 'b', 'l', 'e']",
d,"['d', 'o', 'g']","[' ', 'o', 'g']",
i,"['b', 'u', 'i', 'l', 'd']","['b', 'u', ' ', 'l', 'd']",
s,"['s', 'c', 'r', 'e', 'e', 'n']","[' ', 'c', 'r', 'e', 'e', 'n']",
x,"['e', 'x', 'c', 'h', 'a', 'n', 'g', 'e']","['e', ' ', 'c', 'h', 'a', 'n', 'g', 'e']",
t,"['t', 'y', 'p', 'e', 's']","[' ', 'y', 'p', 'e', 's']",
o,"['s', 'o', 'o', 'n']","['s', ' ', ' ', 'n']",
e,"['s', 'p', 'o', 'n', 's', 'o', 'r', 'e', 'd']","['s', 'p', 'o', 'n', 's', 'o', 'r', ' ', 'd']",
l,"['l', 'i', 'n', 'e', 's']","[' ', 'i', 'n', 'e', 's']",
c,"['e', 'l', 'e', 'c', 't', 'r', 'o', 'n', 'i', 'c']","['e', 'l', 'e', ' ', 't', 'r', 'o', 'n', 'i', ' ']",
t,"['c', 'o', 'n', 't', 'i', 'n', 'u', 'e']","['c', 'o', 'n', ' ', 'i', 'n', 'u', 'e']",
o,"['a', 'c', 'r', 'o', 's', 's']","['a', 'c', 'r', ' ', 's', 's']",
e,"['b', 'e', 'n', 'e', 'f', 'i', 't', 's']","['b', ' ', 'n', ' ', 'f', 'i', 't', 's']",
n,"['n', 'e', 'e', 'd', 'e', 'd']","[' ', 'e', 'e', 'd', 'e', 'd']",
e,"['s', 'e', 'a', 's', 'o', 'n']","['s', ' ', 'a', 's', 'o', 'n']",
y,"['a', 'p', 'p', 'l', 'y']","['a', 'p', 'p', 'l', ' ']",
s,"['s', 'o', 'm', 'e', 'o', 'n', 'e']","[' ', 'o', 'm', 'e', 'o', 'n', 'e']",
l,"['h', 'e', 'l', 'd']","['h', 'e', ' ', 'd']",
h,"['a', 'n', 'y', 't', 'h', 'i', 'n', 'g']","['a', 'n', 'y', 't', ' ', 'i', 'n', 'g']",
t,"['p', 'r', 'i', 'n', 't', 'e', 'r']","['p', 'r', 'i', 'n', ' ', 'e', 'r']",
i,"['c', 'o', 'n', 'd', 'i', 't', 'i', 'o', 'n']","['c', 'o', 'n', 'd', ' ', 't', ' ', 'o', 'n']",
t,"['e', 'f', 'f', 'e', 'c', 't', 'i', 'v', 'e']","['e', 'f', 'f', 'e', 'c', ' ', 'i', 'v', 'e']",
v,"['b', 'e', 'l', 'i', 'e', 'v', 'e']","['b', 'e', 'l', 'i', 'e', ' ', 'e']",
