obj,label,input,tar
h,"['t', 'hm', 'e']","['t', 'h', 'e']",hm
d,"['a', 'n', 'dt']","['a', 'n', 'd']",dt
f,"['fb', 'o', 'r']","['f', 'o', 'r']",fb
h,"['t', 'hm', 'a', 't']","['t', 'h', 'a', 't']",hm
h,"['t', 'hy', 'i', 's']","['t', 'h', 'i', 's']",hy
t,"['w', 'i', 'te', 'h']","['w', 'i', 't', 'h']",te
o,"['y', 'ob', 'u']","['y', 'o', 'u']",ob
n,"['nz', 'o', 't']","['n', 'o', 't']",nz
r,"['a', 'rj', 'e']","['a', 'r', 'e']",rj
f,"['fi', 'r', 'o', 'm']","['f', 'r', 'o', 'm']",fi
o,"['y', 'og', 'u', 'r']","['y', 'o', 'u', 'r']",og
l,"['a', 'lz', 'lz']","['a', 'l', 'l']",lz
v,"['h', 'a', 'vw', 'e']","['h', 'a', 'v', 'e']",vw
w,"['n', 'e', 'wa']","['n', 'e', 'w']",wa
m,"['my', 'o', 'r', 'e']","['m', 'o', 'r', 'e']",my
s,"['w', 'a', 'sc']","['w', 'a', 's']",sc
l,"['w', 'i', 'lv', 'lv']","['w', 'i', 'l', 'l']",lv
o,"['h', 'ou', 'm', 'e']","['h', 'o', 'm', 'e']",ou
c,"['cg', 'a', 'n']","['c', 'a', 'n']",cg
a,"['ao', 'b', 'o', 'u', 't']","['a', 'b', 'o', 'u', 't']",ao
g,"['p', 'a', 'gp', 'e']","['p', 'a', 'g', 'e']",gp
a,"['h', 'as', 's']","['h', 'a', 's']",as
c,"['s', 'e', 'a', 'r', 'cn', 'h']","['s', 'e', 'a', 'r', 'c', 'h']",cn
f,"['fw', 'r', 'e', 'e']","['f', 'r', 'e', 'e']",fw
u,"['b', 'uf', 't']","['b', 'u', 't']",uf
r,"['o', 'u', 'ru']","['o', 'u', 'r']",ru
o,"['oi', 'n', 'e']","['o', 'n', 'e']",oi
o,"['ov', 't', 'h', 'e', 'r']","['o', 't', 'h', 'e', 'r']",ov
r,"['i', 'n', 'f', 'o', 'rw', 'm', 'a', 't', 'i', 'o', 'n']","['i', 'n', 'f', 'o', 'r', 'm', 'a', 't', 'i', 'o', 'n']",rw
m,"['t', 'i', 'mf', 'e']","['t', 'i', 'm', 'e']",mf
t,"['tq', 'h', 'e', 'y']","['t', 'h', 'e', 'y']",tq
t,"['s', 'i', 'tr', 'e']","['s', 'i', 't', 'e']",tr
a,"['m', 'as', 'y']","['m', 'a', 'y']",as
w,"['wo', 'h', 'a', 't']","['w', 'h', 'a', 't']",wo
h,"['w', 'hx', 'i', 'c', 'hx']","['w', 'h', 'i', 'c', 'h']",hx
i,"['t', 'h', 'e', 'ib', 'r']","['t', 'h', 'e', 'i', 'r']",ib
s,"['n', 'e', 'w', 'sl']","['n', 'e', 'w', 's']",sl
o,"['og', 'u', 't']","['o', 'u', 't']",og
e,"['u', 's', 'ef']","['u', 's', 'e']",ef
y,"['a', 'n', 'yg']","['a', 'n', 'y']",yg
t,"['tg', 'h', 'e', 'r', 'e']","['t', 'h', 'e', 'r', 'e']",tg
s,"['ss', 'e', 'e']","['s', 'e', 'e']",ss
n,"['o', 'no', 'l', 'y']","['o', 'n', 'l', 'y']",no
h,"['hi', 'i', 's']","['h', 'i', 's']",hi
n,"['w', 'h', 'e', 'nv']","['w', 'h', 'e', 'n']",nv
c,"['cz', 'o', 'n', 't', 'a', 'cz', 't']","['c', 'o', 'n', 't', 'a', 'c', 't']",cz
r,"['h', 'e', 'rq', 'e']","['h', 'e', 'r', 'e']",rq
i,"['b', 'u', 's', 'it', 'n', 'e', 's', 's']","['b', 'u', 's', 'i', 'n', 'e', 's', 's']",it
o,"['w', 'h', 'oa']","['w', 'h', 'o']",oa
w,"['wy', 'e', 'b']","['w', 'e', 'b']",wy
o,"['a', 'l', 's', 'ox']","['a', 'l', 's', 'o']",ox
n,"['nk', 'o', 'w']","['n', 'o', 'w']",nk
l,"['h', 'e', 'lx', 'p']","['h', 'e', 'l', 'p']",lx
e,"['g', 'ef', 't']","['g', 'e', 't']",ef
v,"['vp', 'i', 'e', 'w']","['v', 'i', 'e', 'w']",vp
e,"['o', 'n', 'l', 'i', 'n', 'eq']","['o', 'n', 'l', 'i', 'n', 'e']",eq
s,"['f', 'i', 'r', 'sd', 't']","['f', 'i', 'r', 's', 't']",sd
b,"['bp', 'e', 'e', 'n']","['b', 'e', 'e', 'n']",bp
l,"['w', 'o', 'u', 'ly', 'd']","['w', 'o', 'u', 'l', 'd']",ly
o,"['h', 'ox', 'w']","['h', 'o', 'w']",ox
w,"['wi', 'e', 'r', 'e']","['w', 'e', 'r', 'e']",wi
i,"['s', 'e', 'r', 'v', 'iy', 'c', 'e', 's']","['s', 'e', 'r', 'v', 'i', 'c', 'e', 's']",iy
o,"['s', 'ou', 'm', 'e']","['s', 'o', 'm', 'e']",ou
t,"['tq', 'h', 'e', 's', 'e']","['t', 'h', 'e', 's', 'e']",tq
i,"['c', 'l', 'in', 'c', 'k']","['c', 'l', 'i', 'c', 'k']",in
s,"['i', 't', 'sl']","['i', 't', 's']",sl
e,"['l', 'i', 'k', 'er']","['l', 'i', 'k', 'e']",er
s,"['ss', 'e', 'r', 'v', 'i', 'c', 'e']","['s', 'e', 'r', 'v', 'i', 'c', 'e']",ss
a,"['t', 'h', 'av', 'n']","['t', 'h', 'a', 'n']",av
n,"['f', 'i', 'nt', 'd']","['f', 'i', 'n', 'd']",nt
r,"['p', 'rs', 'i', 'c', 'e']","['p', 'r', 'i', 'c', 'e']",rs
t,"['d', 'a', 'tf', 'e']","['d', 'a', 't', 'e']",tf
b,"['bt', 'a', 'c', 'k']","['b', 'a', 'c', 'k']",bt
p,"['t', 'o', 'pn']","['t', 'o', 'p']",pn
o,"['p', 'e', 'ou', 'p', 'l', 'e']","['p', 'e', 'o', 'p', 'l', 'e']",ou
a,"['h', 'ai', 'd']","['h', 'a', 'd']",ai
l,"['ll', 'i', 's', 't']","['l', 'i', 's', 't']",ll
e,"['n', 'a', 'm', 'ex']","['n', 'a', 'm', 'e']",ex
j,"['jl', 'u', 's', 't']","['j', 'u', 's', 't']",jl
r,"['o', 'v', 'e', 'ri']","['o', 'v', 'e', 'r']",ri
t,"['s', 'tq', 'a', 'tq', 'e']","['s', 't', 'a', 't', 'e']",tq
r,"['y', 'e', 'a', 'rf']","['y', 'e', 'a', 'r']",rf
d,"['dy', 'a', 'y']","['d', 'a', 'y']",dy
n,"['i', 'nw', 't', 'o']","['i', 'n', 't', 'o']",nw
m,"['e', 'ma', 'a', 'i', 'l']","['e', 'm', 'a', 'i', 'l']",ma
t,"['tg', 'w', 'o']","['t', 'w', 'o']",tg
t,"['h', 'e', 'a', 'l', 'ti', 'h']","['h', 'e', 'a', 'l', 't', 'h']",ti
d,"['w', 'o', 'r', 'l', 'dp']","['w', 'o', 'r', 'l', 'd']",dp
n,"['nr', 'e', 'x', 't']","['n', 'e', 'x', 't']",nr
s,"['u', 'su', 'e', 'd']","['u', 's', 'e', 'd']",su
o,"['w', 'oc', 'r', 'k']","['w', 'o', 'r', 'k']",oc
a,"['l', 'ah', 's', 't']","['l', 'a', 's', 't']",ah
s,"['m', 'o', 'sb', 't']","['m', 'o', 's', 't']",sb
d,"['p', 'r', 'o', 'dt', 'u', 'c', 't', 's']","['p', 'r', 'o', 'd', 'u', 'c', 't', 's']",dt
i,"['m', 'u', 's', 'if', 'c']","['m', 'u', 's', 'i', 'c']",if
y,"['b', 'u', 'yq']","['b', 'u', 'y']",yq
a,"['d', 'ac', 't', 'ac']","['d', 'a', 't', 'a']",ac
k,"['m', 'a', 'ky', 'e']","['m', 'a', 'k', 'e']",ky
t,"['tf', 'h', 'e', 'm']","['t', 'h', 'e', 'm']",tf
d,"['s', 'h', 'o', 'u', 'l', 'dj']","['s', 'h', 'o', 'u', 'l', 'd']",dj
p,"['ps', 'r', 'o', 'd', 'u', 'c', 't']","['p', 'r', 'o', 'd', 'u', 'c', 't']",ps
t,"['s', 'y', 's', 'th', 'e', 'm']","['s', 'y', 's', 't', 'e', 'm']",th
o,"['p', 'ov', 's', 't']","['p', 'o', 's', 't']",ov
e,"['h', 'el', 'r']","['h', 'e', 'r']",el
c,"['co', 'i', 't', 'y']","['c', 'i', 't', 'y']",co
a,"['an', 'd', 'd']","['a', 'd', 'd']",an
l,"['p', 'o', 'la', 'i', 'c', 'y']","['p', 'o', 'l', 'i', 'c', 'y']",la
r,"['n', 'u', 'm', 'b', 'e', 're']","['n', 'u', 'm', 'b', 'e', 'r']",re
h,"['s', 'u', 'c', 'hz']","['s', 'u', 'c', 'h']",hz
p,"['pm', 'l', 'e', 'a', 's', 'e']","['p', 'l', 'e', 'a', 's', 'e']",pm
e,"['a', 'v', 'a', 'i', 'l', 'a', 'b', 'l', 'ek']","['a', 'v', 'a', 'i', 'l', 'a', 'b', 'l', 'e']",ek
c,"['cf', 'o', 'p', 'y', 'r', 'i', 'g', 'h', 't']","['c', 'o', 'p', 'y', 'r', 'i', 'g', 'h', 't']",cf
u,"['s', 'uo', 'p', 'p', 'o', 'r', 't']","['s', 'u', 'p', 'p', 'o', 'r', 't']",uo
e,"['m', 'ex', 's', 's', 'a', 'g', 'ex']","['m', 'e', 's', 's', 'a', 'g', 'e']",ex
f,"['a', 'fw', 't', 'e', 'r']","['a', 'f', 't', 'e', 'r']",fw
s,"['b', 'e', 'sg', 't']","['b', 'e', 's', 't']",sg
w,"['s', 'o', 'f', 't', 'wk', 'a', 'r', 'e']","['s', 'o', 'f', 't', 'w', 'a', 'r', 'e']",wk
e,"['t', 'h', 'ej', 'n']","['t', 'h', 'e', 'n']",ej
a,"['j', 'ac', 'n']","['j', 'a', 'n']",ac
o,"['g', 'oz', 'oz', 'd']","['g', 'o', 'o', 'd']",oz
e,"['v', 'i', 'd', 'ec', 'o']","['v', 'i', 'd', 'e', 'o']",ec
l,"['w', 'e', 'lu', 'lu']","['w', 'e', 'l', 'l']",lu
h,"['w', 'hk', 'e', 'r', 'e']","['w', 'h', 'e', 'r', 'e']",hk
i,"['im', 'n', 'f', 'o']","['i', 'n', 'f', 'o']",im
t,"['r', 'i', 'g', 'h', 'tu', 's']","['r', 'i', 'g', 'h', 't', 's']",tu
i,"['p', 'u', 'b', 'l', 'in', 'c']","['p', 'u', 'b', 'l', 'i', 'c']",in
o,"['b', 'oq', 'oq', 'k', 's']","['b', 'o', 'o', 'k', 's']",oq
i,"['h', 'ih', 'g', 'h']","['h', 'i', 'g', 'h']",ih
h,"['s', 'c', 'hr', 'o', 'o', 'l']","['s', 'c', 'h', 'o', 'o', 'l']",hr
u,"['t', 'h', 'r', 'o', 'um', 'g', 'h']","['t', 'h', 'r', 'o', 'u', 'g', 'h']",um
a,"['e', 'aa', 'c', 'h']","['e', 'a', 'c', 'h']",aa
i,"['l', 'it', 'n', 'k', 's']","['l', 'i', 'n', 'k', 's']",it
s,"['sf', 'h', 'e']","['s', 'h', 'e']",sf
w,"['r', 'e', 'v', 'i', 'e', 'wd']","['r', 'e', 'v', 'i', 'e', 'w']",wd
s,"['y', 'e', 'a', 'r', 'sh']","['y', 'e', 'a', 'r', 's']",sh
o,"['ox', 'r', 'd', 'e', 'r']","['o', 'r', 'd', 'e', 'r']",ox
v,"['vf', 'e', 'r', 'y']","['v', 'e', 'r', 'y']",vf
p,"['po', 'r', 'i', 'v', 'a', 'c', 'y']","['p', 'r', 'i', 'v', 'a', 'c', 'y']",po
o,"['b', 'oy', 'oy', 'k']","['b', 'o', 'o', 'k']",oy
m,"['i', 't', 'e', 'mi', 's']","['i', 't', 'e', 'm', 's']",mi
o,"['c', 'ot', 'm', 'p', 'a', 'n', 'y']","['c', 'o', 'm', 'p', 'a', 'n', 'y']",ot
e,"['r', 'ev', 'a', 'd']","['r', 'e', 'a', 'd']",ev
o,"['g', 'r', 'oo', 'u', 'p']","['g', 'r', 'o', 'u', 'p']",oo
x,"['s', 'e', 'xs']","['s', 'e', 'x']",xs
e,"['n', 'eq', 'eq', 'd']","['n', 'e', 'e', 'd']",eq
n,"['m', 'a', 'nu', 'y']","['m', 'a', 'n', 'y']",nu
e,"['u', 's', 'ew', 'r']","['u', 's', 'e', 'r']",ew
a,"['s', 'an', 'i', 'd']","['s', 'a', 'i', 'd']",an
e,"['d', 'o', 'ea', 's']","['d', 'o', 'e', 's']",ea
e,"['s', 'ev', 't']","['s', 'e', 't']",ev
n,"['u', 'nq', 'd', 'e', 'r']","['u', 'n', 'd', 'e', 'r']",nq
n,"['g', 'e', 'nf', 'e', 'r', 'a', 'l']","['g', 'e', 'n', 'e', 'r', 'a', 'l']",nf
s,"['r', 'e', 'sa', 'e', 'a', 'r', 'c', 'h']","['r', 'e', 's', 'e', 'a', 'r', 'c', 'h']",sa
t,"['u', 'n', 'i', 'v', 'e', 'r', 's', 'i', 'ti', 'y']","['u', 'n', 'i', 'v', 'e', 'r', 's', 'i', 't', 'y']",ti
n,"['j', 'a', 'nq', 'u', 'a', 'r', 'y']","['j', 'a', 'n', 'u', 'a', 'r', 'y']",nq
m,"['mi', 'a', 'i', 'l']","['m', 'a', 'i', 'l']",mi
u,"['f', 'uz', 'l', 'l']","['f', 'u', 'l', 'l']",uz
m,"['mf', 'a', 'p']","['m', 'a', 'p']",mf
v,"['r', 'e', 'vl', 'i', 'e', 'w', 's']","['r', 'e', 'v', 'i', 'e', 'w', 's']",vl
a,"['p', 'r', 'o', 'g', 'r', 'am', 'm']","['p', 'r', 'o', 'g', 'r', 'a', 'm']",am
f,"['l', 'i', 'fx', 'e']","['l', 'i', 'f', 'e']",fx
o,"['k', 'n', 'op', 'w']","['k', 'n', 'o', 'w']",op
m,"['g', 'a', 'ms', 'e', 's']","['g', 'a', 'm', 'e', 's']",ms
w,"['wp', 'a', 'y']","['w', 'a', 'y']",wp
s,"['d', 'a', 'y', 'su']","['d', 'a', 'y', 's']",su
m,"['ml', 'a', 'n', 'a', 'g', 'e', 'ml', 'e', 'n', 't']","['m', 'a', 'n', 'a', 'g', 'e', 'm', 'e', 'n', 't']",ml
r,"['p', 'a', 'rp', 't']","['p', 'a', 'r', 't']",rp
c,"['ct', 'o', 'u', 'l', 'd']","['c', 'o', 'u', 'l', 'd']",ct
g,"['gq', 'r', 'e', 'a', 't']","['g', 'r', 'e', 'a', 't']",gq
t,"['u', 'n', 'i', 'tg', 'e', 'd']","['u', 'n', 'i', 't', 'e', 'd']",tg
e,"['h', 'o', 't', 'ec', 'l']","['h', 'o', 't', 'e', 'l']",ec
a,"['r', 'e', 'at', 'l']","['r', 'e', 'a', 'l']",at
e,"['i', 't', 'ef', 'm']","['i', 't', 'e', 'm']",ef
e,"['i', 'n', 't', 'eu', 'r', 'n', 'a', 't', 'i', 'o', 'n', 'a', 'l']","['i', 'n', 't', 'e', 'r', 'n', 'a', 't', 'i', 'o', 'n', 'a', 'l']",eu
e,"['c', 'ec', 'n', 't', 'ec', 'r']","['c', 'e', 'n', 't', 'e', 'r']",ec
y,"['e', 'b', 'a', 'yh']","['e', 'b', 'a', 'y']",yh
s,"['m', 'u', 'sm', 't']","['m', 'u', 's', 't']",sm
o,"['s', 't', 'on', 'r', 'e']","['s', 't', 'o', 'r', 'e']",on
r,"['t', 'rk', 'a', 'v', 'e', 'l']","['t', 'r', 'a', 'v', 'e', 'l']",rk
m,"['c', 'o', 'mv', 'mv', 'e', 'n', 't', 's']","['c', 'o', 'm', 'm', 'e', 'n', 't', 's']",mv
e,"['m', 'a', 'd', 'es']","['m', 'a', 'd', 'e']",es
m,"['d', 'e', 'v', 'e', 'l', 'o', 'p', 'mf', 'e', 'n', 't']","['d', 'e', 'v', 'e', 'l', 'o', 'p', 'm', 'e', 'n', 't']",mf
e,"['r', 'ev', 'p', 'o', 'r', 't']","['r', 'e', 'p', 'o', 'r', 't']",ev
f,"['o', 'ft', 'ft']","['o', 'f', 'f']",ft
b,"['m', 'e', 'm', 'bp', 'e', 'r']","['m', 'e', 'm', 'b', 'e', 'r']",bp
i,"['d', 'e', 't', 'a', 'ik', 'l', 's']","['d', 'e', 't', 'a', 'i', 'l', 's']",ik
e,"['l', 'i', 'n', 'ez']","['l', 'i', 'n', 'e']",ez
s,"['t', 'e', 'r', 'm', 'sm']","['t', 'e', 'r', 'm', 's']",sm
b,"['bk', 'e', 'f', 'o', 'r', 'e']","['b', 'e', 'f', 'o', 'r', 'e']",bk
h,"['hl', 'o', 't', 'e', 'l', 's']","['h', 'o', 't', 'e', 'l', 's']",hl
d,"['dw', 'i', 'dw']","['d', 'i', 'd']",dw
d,"['s', 'e', 'n', 'dt']","['s', 'e', 'n', 'd']",dt
i,"['r', 'ih', 'g', 'h', 't']","['r', 'i', 'g', 'h', 't']",ih
p,"['t', 'y', 'pw', 'e']","['t', 'y', 'p', 'e']",pw
e,"['b', 'ez', 'c', 'a', 'u', 's', 'ez']","['b', 'e', 'c', 'a', 'u', 's', 'e']",ez
o,"['l', 'ov', 'c', 'a', 'l']","['l', 'o', 'c', 'a', 'l']",ov
t,"['td', 'h', 'o', 's', 'e']","['t', 'h', 'o', 's', 'e']",td
s,"['u', 'sl', 'i', 'n', 'g']","['u', 's', 'i', 'n', 'g']",sl
r,"['ry', 'e', 's', 'u', 'l', 't', 's']","['r', 'e', 's', 'u', 'l', 't', 's']",ry
o,"['ov', 'f', 'f', 'i', 'c', 'e']","['o', 'f', 'f', 'i', 'c', 'e']",ov
u,"['e', 'd', 'ul', 'c', 'a', 't', 'i', 'o', 'n']","['e', 'd', 'u', 'c', 'a', 't', 'i', 'o', 'n']",ul
a,"['n', 'al', 't', 'i', 'o', 'n', 'al', 'l']","['n', 'a', 't', 'i', 'o', 'n', 'a', 'l']",al
c,"['cy', 'a', 'r']","['c', 'a', 'r']",cy
g,"['d', 'e', 's', 'i', 'gt', 'n']","['d', 'e', 's', 'i', 'g', 'n']",gt
t,"['tv', 'a', 'k', 'e']","['t', 'a', 'k', 'e']",tv
e,"['p', 'o', 's', 't', 'eh', 'd']","['p', 'o', 's', 't', 'e', 'd']",eh
i,"['ie', 'n', 't', 'e', 'r', 'n', 'e', 't']","['i', 'n', 't', 'e', 'r', 'n', 'e', 't']",ie
d,"['a', 'ds', 'ds', 'r', 'e', 's', 's']","['a', 'd', 'd', 'r', 'e', 's', 's']",ds
c,"['cx', 'o', 'm', 'm', 'u', 'n', 'i', 't', 'y']","['c', 'o', 'm', 'm', 'u', 'n', 'i', 't', 'y']",cx
t,"['w', 'i', 'tq', 'h', 'i', 'n']","['w', 'i', 't', 'h', 'i', 'n']",tq
a,"['s', 't', 'at', 't', 'e', 's']","['s', 't', 'a', 't', 'e', 's']",at
r,"['a', 'rn', 'e', 'a']","['a', 'r', 'e', 'a']",rn
n,"['w', 'a', 'nm', 't']","['w', 'a', 'n', 't']",nm
p,"['po', 'h', 'o', 'n', 'e']","['p', 'h', 'o', 'n', 'e']",po
d,"['ds', 'v', 'ds']","['d', 'v', 'd']",ds
n,"['s', 'h', 'i', 'p', 'p', 'i', 'nd', 'g']","['s', 'h', 'i', 'p', 'p', 'i', 'n', 'g']",nd
r,"['rc', 'e', 's', 'e', 'rc', 'v', 'e', 'd']","['r', 'e', 's', 'e', 'r', 'v', 'e', 'd']",rc
s,"['sp', 'u', 'b', 'j', 'e', 'c', 't']","['s', 'u', 'b', 'j', 'e', 'c', 't']",sp
t,"['b', 'e', 'tj', 'w', 'e', 'e', 'n']","['b', 'e', 't', 'w', 'e', 'e', 'n']",tj
f,"['fd', 'o', 'r', 'u', 'm']","['f', 'o', 'r', 'u', 'm']",fd
m,"['f', 'a', 'mc', 'i', 'l', 'y']","['f', 'a', 'm', 'i', 'l', 'y']",mc
n,"['l', 'o', 'nx', 'g']","['l', 'o', 'n', 'g']",nx
e,"['b', 'a', 's', 'eb', 'd']","['b', 'a', 's', 'e', 'd']",eb
c,"['cj', 'o', 'd', 'e']","['c', 'o', 'd', 'e']",cj
s,"['sl', 'h', 'o', 'w']","['s', 'h', 'o', 'w']",sl
v,"['e', 'vm', 'e', 'n']","['e', 'v', 'e', 'n']",vm
c,"['b', 'l', 'a', 'cq', 'k']","['b', 'l', 'a', 'c', 'k']",cq
c,"['cs', 'h', 'e', 'cs', 'k']","['c', 'h', 'e', 'c', 'k']",cs
l,"['s', 'p', 'e', 'c', 'i', 'a', 'li']","['s', 'p', 'e', 'c', 'i', 'a', 'l']",li
s,"['p', 'r', 'i', 'c', 'e', 'sl']","['p', 'r', 'i', 'c', 'e', 's']",sl
e,"['w', 'eo', 'b', 's', 'i', 't', 'eo']","['w', 'e', 'b', 's', 'i', 't', 'e']",eo
e,"['i', 'n', 'd', 'ec', 'x']","['i', 'n', 'd', 'e', 'x']",ec
n,"['b', 'e', 'i', 'nk', 'g']","['b', 'e', 'i', 'n', 'g']",nk
w,"['wi', 'o', 'm', 'e', 'n']","['w', 'o', 'm', 'e', 'n']",wi
u,"['m', 'uk', 'c', 'h']","['m', 'u', 'c', 'h']",uk
s,"['su', 'i', 'g', 'n']","['s', 'i', 'g', 'n']",su
l,"['f', 'i', 'lb', 'e']","['f', 'i', 'l', 'e']",lb
i,"['l', 'ia', 'n', 'k']","['l', 'i', 'n', 'k']",ia
e,"['o', 'p', 'ey', 'n']","['o', 'p', 'e', 'n']",ey
t,"['tu', 'o', 'd', 'a', 'y']","['t', 'o', 'd', 'a', 'y']",tu
o,"['t', 'e', 'c', 'h', 'n', 'og', 'l', 'og', 'g', 'y']","['t', 'e', 'c', 'h', 'n', 'o', 'l', 'o', 'g', 'y']",og
h,"['s', 'o', 'u', 't', 'hn']","['s', 'o', 'u', 't', 'h']",hn
s,"['c', 'a', 'sf', 'e']","['c', 'a', 's', 'e']",sf
c,"['p', 'r', 'o', 'j', 'e', 'cv', 't']","['p', 'r', 'o', 'j', 'e', 'c', 't']",cv
e,"['s', 'a', 'm', 'eb']","['s', 'a', 'm', 'e']",eb
a,"['p', 'ap', 'g', 'e', 's']","['p', 'a', 'g', 'e', 's']",ap
o,"['v', 'e', 'r', 's', 'i', 'os', 'n']","['v', 'e', 'r', 's', 'i', 'o', 'n']",os
s,"['sm', 'e', 'c', 't', 'i', 'o', 'n']","['s', 'e', 'c', 't', 'i', 'o', 'n']",sm
o,"['oz', 'w', 'n']","['o', 'w', 'n']",oz
o,"['f', 'of', 'u', 'n', 'd']","['f', 'o', 'u', 'n', 'd']",of
t,"['s', 'p', 'o', 'r', 'tx', 's']","['s', 'p', 'o', 'r', 't', 's']",tx
o,"['h', 'ob', 'u', 's', 'e']","['h', 'o', 'u', 's', 'e']",ob
t,"['r', 'e', 'l', 'a', 'tx', 'e', 'd']","['r', 'e', 'l', 'a', 't', 'e', 'd']",tx
c,"['s', 'e', 'ck', 'u', 'r', 'i', 't', 'y']","['s', 'e', 'c', 'u', 'r', 'i', 't', 'y']",ck
b,"['bz', 'o', 't', 'h']","['b', 'o', 't', 'h']",bz
o,"['c', 'oj', 'u', 'n', 't', 'y']","['c', 'o', 'u', 'n', 't', 'y']",oj
a,"['av', 'm', 'e', 'r', 'i', 'c', 'av', 'n']","['a', 'm', 'e', 'r', 'i', 'c', 'a', 'n']",av
p,"['ph', 'h', 'o', 't', 'o']","['p', 'h', 'o', 't', 'o']",ph
a,"['g', 'au', 'm', 'e']","['g', 'a', 'm', 'e']",au
s,"['m', 'e', 'm', 'b', 'e', 'r', 'sc']","['m', 'e', 'm', 'b', 'e', 'r', 's']",sc
e,"['p', 'o', 'w', 'em', 'r']","['p', 'o', 'w', 'e', 'r']",em
l,"['w', 'h', 'i', 'lb', 'e']","['w', 'h', 'i', 'l', 'e']",lb
r,"['c', 'a', 're', 'e']","['c', 'a', 'r', 'e']",re
e,"['n', 'ea', 't', 'w', 'o', 'r', 'k']","['n', 'e', 't', 'w', 'o', 'r', 'k']",ea
w,"['d', 'o', 'ws', 'n']","['d', 'o', 'w', 'n']",ws
p,"['c', 'o', 'm', 'pw', 'u', 't', 'e', 'r']","['c', 'o', 'm', 'p', 'u', 't', 'e', 'r']",pw
t,"['s', 'y', 's', 'tj', 'e', 'm', 's']","['s', 'y', 's', 't', 'e', 'm', 's']",tj
e,"['t', 'h', 'r', 'ez', 'ez']","['t', 'h', 'r', 'e', 'e']",ez
a,"['t', 'o', 't', 'ay', 'l']","['t', 'o', 't', 'a', 'l']",ay
a,"['p', 'l', 'ai', 'c', 'e']","['p', 'l', 'a', 'c', 'e']",ai
n,"['e', 'nr', 'd']","['e', 'n', 'd']",nr
n,"['f', 'o', 'l', 'l', 'o', 'w', 'i', 'na', 'g']","['f', 'o', 'l', 'l', 'o', 'w', 'i', 'n', 'g']",na
d,"['dw', 'o', 'w', 'n', 'l', 'o', 'a', 'dw']","['d', 'o', 'w', 'n', 'l', 'o', 'a', 'd']",dw
h,"['hz', 'i', 'm']","['h', 'i', 'm']",hz
w,"['we', 'i', 't', 'h', 'o', 'u', 't']","['w', 'i', 't', 'h', 'o', 'u', 't']",we
r,"['p', 'e', 'rv']","['p', 'e', 'r']",rv
e,"['a', 'c', 'c', 'ey', 's', 's']","['a', 'c', 'c', 'e', 's', 's']",ey
h,"['t', 'hz', 'i', 'n', 'k']","['t', 'h', 'i', 'n', 'k']",hz
h,"['n', 'o', 'r', 't', 'hm']","['n', 'o', 'r', 't', 'h']",hm
o,"['r', 'e', 's', 'ot', 'u', 'r', 'c', 'e', 's']","['r', 'e', 's', 'o', 'u', 'r', 'c', 'e', 's']",ot
c,"['cu', 'u', 'r', 'r', 'e', 'n', 't']","['c', 'u', 'r', 'r', 'e', 'n', 't']",cu
o,"['p', 'or', 's', 't', 's']","['p', 'o', 's', 't', 's']",or
b,"['bw', 'i', 'g']","['b', 'i', 'g']",bw
m,"['mt', 'e', 'd', 'i', 'a']","['m', 'e', 'd', 'i', 'a']",mt
a,"['l', 'ay', 'w']","['l', 'a', 'w']",ay
o,"['c', 'ok', 'n', 't', 'r', 'ok', 'l']","['c', 'o', 'n', 't', 'r', 'o', 'l']",ok
t,"['w', 'a', 'ti', 'e', 'r']","['w', 'a', 't', 'e', 'r']",ti
i,"['h', 'ia', 's', 't', 'o', 'r', 'y']","['h', 'i', 's', 't', 'o', 'r', 'y']",ia
p,"['pk', 'i', 'c', 't', 'u', 'r', 'e', 's']","['p', 'i', 'c', 't', 'u', 'r', 'e', 's']",pk
z,"['s', 'i', 'zd', 'e']","['s', 'i', 'z', 'e']",zd
t,"['a', 'r', 'ti']","['a', 'r', 't']",ti
a,"['p', 'e', 'r', 's', 'o', 'n', 'am', 'l']","['p', 'e', 'r', 's', 'o', 'n', 'a', 'l']",am
n,"['s', 'i', 'nt', 'c', 'e']","['s', 'i', 'n', 'c', 'e']",nt
u,"['i', 'n', 'c', 'l', 'uy', 'd', 'i', 'n', 'g']","['i', 'n', 'c', 'l', 'u', 'd', 'i', 'n', 'g']",uy
d,"['g', 'u', 'i', 'dk', 'e']","['g', 'u', 'i', 'd', 'e']",dk
o,"['s', 'h', 'ot', 'p']","['s', 'h', 'o', 'p']",ot
r,"['d', 'i', 'ru', 'e', 'c', 't', 'o', 'ru', 'y']","['d', 'i', 'r', 'e', 'c', 't', 'o', 'r', 'y']",ru
a,"['b', 'o', 'al', 'r', 'd']","['b', 'o', 'a', 'r', 'd']",al
t,"['l', 'o', 'c', 'a', 'tu', 'i', 'o', 'n']","['l', 'o', 'c', 'a', 't', 'i', 'o', 'n']",tu
g,"['c', 'h', 'a', 'n', 'gq', 'e']","['c', 'h', 'a', 'n', 'g', 'e']",gq
i,"['w', 'h', 'is', 't', 'e']","['w', 'h', 'i', 't', 'e']",is
x,"['t', 'e', 'xl', 't']","['t', 'e', 'x', 't']",xl
a,"['s', 'm', 'ai', 'l', 'l']","['s', 'm', 'a', 'l', 'l']",ai
a,"['r', 'ai', 't', 'i', 'n', 'g']","['r', 'a', 't', 'i', 'n', 'g']",ai
r,"['rv', 'a', 't', 'e']","['r', 'a', 't', 'e']",rv
r,"['g', 'o', 'v', 'e', 'ra', 'n', 'm', 'e', 'n', 't']","['g', 'o', 'v', 'e', 'r', 'n', 'm', 'e', 'n', 't']",ra
d,"['c', 'h', 'i', 'l', 'ds', 'r', 'e', 'n']","['c', 'h', 'i', 'l', 'd', 'r', 'e', 'n']",ds
g,"['d', 'u', 'r', 'i', 'n', 'gm']","['d', 'u', 'r', 'i', 'n', 'g']",gm
a,"['u', 's', 'aw']","['u', 's', 'a']",aw
n,"['r', 'e', 't', 'u', 'r', 'ns']","['r', 'e', 't', 'u', 'r', 'n']",ns
d,"['s', 't', 'u', 'db', 'e', 'n', 't', 's']","['s', 't', 'u', 'd', 'e', 'n', 't', 's']",db
s,"['st', 'h', 'o', 'p', 'p', 'i', 'n', 'g']","['s', 'h', 'o', 'p', 'p', 'i', 'n', 'g']",st
o,"['a', 'c', 'c', 'om', 'u', 'n', 't']","['a', 'c', 'c', 'o', 'u', 'n', 't']",om
t,"['tc', 'i', 'm', 'e', 's']","['t', 'i', 'm', 'e', 's']",tc
i,"['s', 'io', 't', 'e', 's']","['s', 'i', 't', 'e', 's']",io
l,"['ls', 'e', 'v', 'e', 'ls']","['l', 'e', 'v', 'e', 'l']",ls
d,"['dx', 'i', 'g', 'i', 't', 'a', 'l']","['d', 'i', 'g', 'i', 't', 'a', 'l']",dx
r,"['p', 'rt', 'o', 'f', 'i', 'l', 'e']","['p', 'r', 'o', 'f', 'i', 'l', 'e']",rt
o,"['p', 'r', 'e', 'v', 'i', 'op', 'u', 's']","['p', 'r', 'e', 'v', 'i', 'o', 'u', 's']",op
r,"['f', 'o', 'rb', 'm']","['f', 'o', 'r', 'm']",rb
n,"['e', 'v', 'e', 'nr', 't', 's']","['e', 'v', 'e', 'n', 't', 's']",nr
l,"['lj', 'o', 'v', 'e']","['l', 'o', 'v', 'e']",lj
o,"['ob', 'l', 'd']","['o', 'l', 'd']",ob
j,"['jl', 'o', 'h', 'n']","['j', 'o', 'h', 'n']",jl
a,"['m', 'ad', 'i', 'n']","['m', 'a', 'i', 'n']",ad
l,"['c', 'a', 'lx', 'lx']","['c', 'a', 'l', 'l']",lx
o,"['h', 'od', 'u', 'r', 's']","['h', 'o', 'u', 'r', 's']",od
e,"['i', 'm', 'a', 'g', 'el']","['i', 'm', 'a', 'g', 'e']",el
d,"['dj', 'e', 'p', 'a', 'r', 't', 'm', 'e', 'n', 't']","['d', 'e', 'p', 'a', 'r', 't', 'm', 'e', 'n', 't']",dj
t,"['tw', 'i', 'tw', 'l', 'e']","['t', 'i', 't', 'l', 'e']",tw
p,"['d', 'e', 's', 'c', 'r', 'i', 'ps', 't', 'i', 'o', 'n']","['d', 'e', 's', 'c', 'r', 'i', 'p', 't', 'i', 'o', 'n']",ps
o,"['n', 'od', 'n']","['n', 'o', 'n']",od
a,"['i', 'n', 's', 'u', 'r', 'an', 'n', 'c', 'e']","['i', 'n', 's', 'u', 'r', 'a', 'n', 'c', 'e']",an
e,"['a', 'n', 'o', 't', 'h', 'ev', 'r']","['a', 'n', 'o', 't', 'h', 'e', 'r']",ev
w,"['wp', 'h', 'y']","['w', 'h', 'y']",wp
l,"['s', 'h', 'a', 'lc', 'lc']","['s', 'h', 'a', 'l', 'l']",lc
y,"['p', 'r', 'o', 'p', 'e', 'r', 't', 'yl']","['p', 'r', 'o', 'p', 'e', 'r', 't', 'y']",yl
a,"['c', 'l', 'af', 's', 's']","['c', 'l', 'a', 's', 's']",af
s,"['sc', 't', 'i', 'l', 'l']","['s', 't', 'i', 'l', 'l']",sc
n,"['m', 'o', 'nh', 'e', 'y']","['m', 'o', 'n', 'e', 'y']",nh
a,"['q', 'u', 'ar', 'l', 'i', 't', 'y']","['q', 'u', 'a', 'l', 'i', 't', 'y']",ar
r,"['e', 'v', 'e', 'rc', 'y']","['e', 'v', 'e', 'r', 'y']",rc
t,"['l', 'i', 's', 'ti', 'i', 'n', 'g']","['l', 'i', 's', 't', 'i', 'n', 'g']",ti
n,"['c', 'o', 'nq', 't', 'e', 'nq', 't']","['c', 'o', 'n', 't', 'e', 'n', 't']",nq
r,"['c', 'o', 'u', 'n', 't', 'rq', 'y']","['c', 'o', 'u', 'n', 't', 'r', 'y']",rq
e,"['p', 'r', 'i', 'v', 'a', 't', 'ea']","['p', 'r', 'i', 'v', 'a', 't', 'e']",ea
t,"['l', 'i', 'tl', 'tl', 'l', 'e']","['l', 'i', 't', 't', 'l', 'e']",tl
i,"['v', 'iz', 's', 'iz', 't']","['v', 'i', 's', 'i', 't']",iz
e,"['s', 'a', 'v', 'ef']","['s', 'a', 'v', 'e']",ef
o,"['t', 'oi', 'oi', 'l', 's']","['t', 'o', 'o', 'l', 's']",oi
w,"['l', 'o', 'wk']","['l', 'o', 'w']",wk
y,"['r', 'e', 'p', 'l', 'yo']","['r', 'e', 'p', 'l', 'y']",yo
r,"['c', 'u', 's', 't', 'o', 'm', 'e', 'ry']","['c', 'u', 's', 't', 'o', 'm', 'e', 'r']",ry
d,"['df', 'e', 'c', 'e', 'm', 'b', 'e', 'r']","['d', 'e', 'c', 'e', 'm', 'b', 'e', 'r']",df
c,"['ck', 'o', 'm', 'p', 'a', 'r', 'e']","['c', 'o', 'm', 'p', 'a', 'r', 'e']",ck
s,"['m', 'o', 'v', 'i', 'e', 'sq']","['m', 'o', 'v', 'i', 'e', 's']",sq
l,"['i', 'n', 'c', 'lv', 'u', 'd', 'e']","['i', 'n', 'c', 'l', 'u', 'd', 'e']",lv
l,"['c', 'o', 'lz', 'lz', 'e', 'g', 'e']","['c', 'o', 'l', 'l', 'e', 'g', 'e']",lz
v,"['vg', 'a', 'l', 'u', 'e']","['v', 'a', 'l', 'u', 'e']",vg
i,"['a', 'r', 't', 'ih', 'c', 'l', 'e']","['a', 'r', 't', 'i', 'c', 'l', 'e']",ih
r,"['y', 'o', 'rx', 'k']","['y', 'o', 'r', 'k']",rx
a,"['m', 'ag', 'n']","['m', 'a', 'n']",ag
d,"['c', 'a', 'r', 'dz']","['c', 'a', 'r', 'd']",dz
b,"['j', 'o', 'bm', 's']","['j', 'o', 'b', 's']",bm
e,"['p', 'r', 'o', 'v', 'i', 'd', 'ek']","['p', 'r', 'o', 'v', 'i', 'd', 'e']",ek
f,"['fr', 'o', 'o', 'd']","['f', 'o', 'o', 'd']",fr
o,"['s', 'ob', 'u', 'r', 'c', 'e']","['s', 'o', 'u', 'r', 'c', 'e']",ob
o,"['a', 'u', 't', 'h', 'or', 'r']","['a', 'u', 't', 'h', 'o', 'r']",or
f,"['d', 'i', 'fz', 'fz', 'e', 'r', 'e', 'n', 't']","['d', 'i', 'f', 'f', 'e', 'r', 'e', 'n', 't']",fz
r,"['p', 'rd', 'e', 's', 's']","['p', 'r', 'e', 's', 's']",rd
a,"['l', 'e', 'ak', 'r', 'n']","['l', 'e', 'a', 'r', 'n']",ak
a,"['s', 'an', 'l', 'e']","['s', 'a', 'l', 'e']",an
a,"['ax', 'r', 'o', 'u', 'n', 'd']","['a', 'r', 'o', 'u', 'n', 'd']",ax
t,"['p', 'r', 'i', 'n', 'tx']","['p', 'r', 'i', 'n', 't']",tx
u,"['c', 'o', 'ud', 'r', 's', 'e']","['c', 'o', 'u', 'r', 's', 'e']",ud
b,"['j', 'o', 'bg']","['j', 'o', 'b']",bg
d,"['c', 'a', 'n', 'a', 'dw', 'a']","['c', 'a', 'n', 'a', 'd', 'a']",dw
r,"['p', 're', 'o', 'c', 'e', 's', 's']","['p', 'r', 'o', 'c', 'e', 's', 's']",re
e,"['t', 'ez', 'ez', 'n']","['t', 'e', 'e', 'n']",ez
m,"['r', 'o', 'o', 'mc']","['r', 'o', 'o', 'm']",mc
k,"['s', 't', 'o', 'c', 'kr']","['s', 't', 'o', 'c', 'k']",kr
g,"['t', 'r', 'a', 'i', 'n', 'i', 'n', 'gu']","['t', 'r', 'a', 'i', 'n', 'i', 'n', 'g']",gu
t,"['tu', 'o', 'o']","['t', 'o', 'o']",tu
r,"['c', 'rm', 'e', 'd', 'i', 't']","['c', 'r', 'e', 'd', 'i', 't']",rm
p,"['pn', 'o', 'i', 'n', 't']","['p', 'o', 'i', 'n', 't']",pn
n,"['j', 'o', 'i', 'nw']","['j', 'o', 'i', 'n']",nw
c,"['s', 'co', 'i', 'e', 'n', 'co', 'e']","['s', 'c', 'i', 'e', 'n', 'c', 'e']",co
m,"['mc', 'e', 'n']","['m', 'e', 'n']",mc
t,"['c', 'a', 'ty', 'e', 'g', 'o', 'r', 'i', 'e', 's']","['c', 'a', 't', 'e', 'g', 'o', 'r', 'i', 'e', 's']",ty
n,"['a', 'd', 'v', 'a', 'nh', 'c', 'e', 'd']","['a', 'd', 'v', 'a', 'n', 'c', 'e', 'd']",nh
w,"['wp', 'e', 's', 't']","['w', 'e', 's', 't']",wp
e,"['s', 'a', 'l', 'eg', 's']","['s', 'a', 'l', 'e', 's']",eg
l,"['ls', 'o', 'o', 'k']","['l', 'o', 'o', 'k']",ls
s,"['e', 'n', 'g', 'l', 'i', 'so', 'h']","['e', 'n', 'g', 'l', 'i', 's', 'h']",so
l,"['lh', 'e', 'f', 't']","['l', 'e', 'f', 't']",lh
t,"['td', 'e', 'a', 'm']","['t', 'e', 'a', 'm']",td
a,"['e', 's', 't', 'ar', 't', 'e']","['e', 's', 't', 'a', 't', 'e']",ar
o,"['b', 'ov', 'x']","['b', 'o', 'x']",ov
d,"['c', 'o', 'n', 'dk', 'i', 't', 'i', 'o', 'n', 's']","['c', 'o', 'n', 'd', 'i', 't', 'i', 'o', 'n', 's']",dk
c,"['s', 'e', 'l', 'e', 'co', 't']","['s', 'e', 'l', 'e', 'c', 't']",co
d,"['w', 'i', 'n', 'dy', 'o', 'w', 's']","['w', 'i', 'n', 'd', 'o', 'w', 's']",dy
t,"['p', 'h', 'o', 'tz', 'o', 's']","['p', 'h', 'o', 't', 'o', 's']",tz
y,"['g', 'a', 'yf']","['g', 'a', 'y']",yf
r,"['t', 'h', 'ri', 'e', 'a', 'd']","['t', 'h', 'r', 'e', 'a', 'd']",ri
w,"['wn', 'e', 'e', 'k']","['w', 'e', 'e', 'k']",wn
t,"['c', 'a', 'tz', 'e', 'g', 'o', 'r', 'y']","['c', 'a', 't', 'e', 'g', 'o', 'r', 'y']",tz
o,"['n', 'oj', 't', 'e']","['n', 'o', 't', 'e']",oj
i,"['l', 'ig', 'v', 'e']","['l', 'i', 'v', 'e']",ig
e,"['l', 'a', 'r', 'g', 'ed']","['l', 'a', 'r', 'g', 'e']",ed
a,"['g', 'ax', 'l', 'l', 'e', 'r', 'y']","['g', 'a', 'l', 'l', 'e', 'r', 'y']",ax
l,"['t', 'a', 'b', 'ly', 'e']","['t', 'a', 'b', 'l', 'e']",ly
e,"['r', 'eg', 'g', 'i', 's', 't', 'eg', 'r']","['r', 'e', 'g', 'i', 's', 't', 'e', 'r']",eg
e,"['h', 'o', 'w', 'ep', 'v', 'ep', 'r']","['h', 'o', 'w', 'e', 'v', 'e', 'r']",ep
n,"['j', 'u', 'nn', 'e']","['j', 'u', 'n', 'e']",nn
e,"['o', 'c', 't', 'o', 'b', 'ep', 'r']","['o', 'c', 't', 'o', 'b', 'e', 'r']",ep
n,"['nt', 'o', 'v', 'e', 'm', 'b', 'e', 'r']","['n', 'o', 'v', 'e', 'm', 'b', 'e', 'r']",nt
r,"['m', 'a', 'rp', 'k', 'e', 't']","['m', 'a', 'r', 'k', 'e', 't']",rp
i,"['l', 'ib', 'b', 'r', 'a', 'r', 'y']","['l', 'i', 'b', 'r', 'a', 'r', 'y']",ib
e,"['r', 'ef', 'a', 'l', 'l', 'y']","['r', 'e', 'a', 'l', 'l', 'y']",ef
n,"['a', 'c', 't', 'i', 'o', 'no']","['a', 'c', 't', 'i', 'o', 'n']",no
s,"['sw', 't', 'a', 'r', 't']","['s', 't', 'a', 'r', 't']",sw
i,"['s', 'e', 'r', 'ic', 'e', 's']","['s', 'e', 'r', 'i', 'e', 's']",ic
d,"['m', 'o', 'dj', 'e', 'l']","['m', 'o', 'd', 'e', 'l']",dj
f,"['fi', 'e', 'a', 't', 'u', 'r', 'e', 's']","['f', 'e', 'a', 't', 'u', 'r', 'e', 's']",fi
r,"['a', 'i', 'rt']","['a', 'i', 'r']",rt
u,"['i', 'n', 'd', 'us', 's', 't', 'r', 'y']","['i', 'n', 'd', 'u', 's', 't', 'r', 'y']",us
p,"['pz', 'l', 'a', 'n']","['p', 'l', 'a', 'n']",pz
a,"['h', 'u', 'm', 'al', 'n']","['h', 'u', 'm', 'a', 'n']",al
e,"['p', 'r', 'o', 'v', 'i', 'd', 'er', 'd']","['p', 'r', 'o', 'v', 'i', 'd', 'e', 'd']",er
s,"['y', 'e', 'sh']","['y', 'e', 's']",sh
r,"['rd', 'e', 'q', 'u', 'i', 'rd', 'e', 'd']","['r', 'e', 'q', 'u', 'i', 'r', 'e', 'd']",rd
s,"['sz', 'e', 'c', 'o', 'n', 'd']","['s', 'e', 'c', 'o', 'n', 'd']",sz
h,"['hk', 'o', 't']","['h', 'o', 't']",hk
s,"['a', 'c', 'c', 'e', 'sb', 'sb', 'o', 'r', 'i', 'e', 'sb']","['a', 'c', 'c', 'e', 's', 's', 'o', 'r', 'i', 'e', 's']",sb
c,"['cq', 'o', 's', 't']","['c', 'o', 's', 't']",cq
e,"['m', 'o', 'v', 'i', 'ed']","['m', 'o', 'v', 'i', 'e']",ed
u,"['f', 'o', 'r', 'um', 'm', 's']","['f', 'o', 'r', 'u', 'm', 's']",um
h,"['m', 'a', 'r', 'c', 'hj']","['m', 'a', 'r', 'c', 'h']",hj
s,"['sz', 'e', 'p', 't', 'e', 'm', 'b', 'e', 'r']","['s', 'e', 'p', 't', 'e', 'm', 'b', 'e', 'r']",sz
t,"['b', 'e', 'tc', 'tc', 'e', 'r']","['b', 'e', 't', 't', 'e', 'r']",tc
y,"['s', 'a', 'yh']","['s', 'a', 'y']",yh
t,"['q', 'u', 'e', 's', 'tf', 'i', 'o', 'n', 's']","['q', 'u', 'e', 's', 't', 'i', 'o', 'n', 's']",tf
l,"['j', 'u', 'lm', 'y']","['j', 'u', 'l', 'y']",lm
a,"['y', 'ae', 'h', 'o', 'o']","['y', 'a', 'h', 'o', 'o']",ae
n,"['g', 'o', 'i', 'nk', 'g']","['g', 'o', 'i', 'n', 'g']",nk
e,"['m', 'ec', 'd', 'i', 'c', 'a', 'l']","['m', 'e', 'd', 'i', 'c', 'a', 'l']",ec
e,"['t', 'ey', 's', 't']","['t', 'e', 's', 't']",ey
d,"['f', 'r', 'i', 'e', 'n', 'dd']","['f', 'r', 'i', 'e', 'n', 'd']",dd
e,"['c', 'o', 'm', 'ey']","['c', 'o', 'm', 'e']",ey
e,"['d', 'ef', 'c']","['d', 'e', 'c']",ef
s,"['sv', 'e', 'r', 'v', 'e', 'r']","['s', 'e', 'r', 'v', 'e', 'r']",sv
d,"['s', 't', 'u', 'du', 'y']","['s', 't', 'u', 'd', 'y']",du
l,"['a', 'p', 'p', 'lo', 'i', 'c', 'a', 't', 'i', 'o', 'n']","['a', 'p', 'p', 'l', 'i', 'c', 'a', 't', 'i', 'o', 'n']",lo
a,"['c', 'ak', 'r', 't']","['c', 'a', 'r', 't']",ak
t,"['s', 'tt', 'a', 'f', 'f']","['s', 't', 'a', 'f', 'f']",tt
i,"['a', 'r', 't', 'in', 'c', 'l', 'e', 's']","['a', 'r', 't', 'i', 'c', 'l', 'e', 's']",in
s,"['sy', 'a', 'n']","['s', 'a', 'n']",sy
a,"['f', 'e', 'e', 'd', 'b', 'an', 'c', 'k']","['f', 'e', 'e', 'd', 'b', 'a', 'c', 'k']",an
n,"['a', 'g', 'a', 'i', 'nb']","['a', 'g', 'a', 'i', 'n']",nb
a,"['p', 'l', 'aa', 'y']","['p', 'l', 'a', 'y']",aa
i,"['l', 'o', 'o', 'k', 'ia', 'n', 'g']","['l', 'o', 'o', 'k', 'i', 'n', 'g']",ia
s,"['i', 'sa', 'sa', 'u', 'e', 'sa']","['i', 's', 's', 'u', 'e', 's']",sa
p,"['a', 'pn', 'r', 'i', 'l']","['a', 'p', 'r', 'i', 'l']",pn
n,"['nt', 'e', 'v', 'e', 'r']","['n', 'e', 'v', 'e', 'r']",nt
r,"['u', 's', 'e', 'ri', 's']","['u', 's', 'e', 'r', 's']",ri
e,"['c', 'o', 'm', 'p', 'l', 'ep', 't', 'ep']","['c', 'o', 'm', 'p', 'l', 'e', 't', 'e']",ep
t,"['s', 'tu', 'r', 'e', 'e', 'tu']","['s', 't', 'r', 'e', 'e', 't']",tu
t,"['tw', 'o', 'p', 'i', 'c']","['t', 'o', 'p', 'i', 'c']",tw
o,"['c', 'ok', 'm', 'm', 'e', 'n', 't']","['c', 'o', 'm', 'm', 'e', 'n', 't']",ok
c,"['f', 'i', 'n', 'a', 'n', 'cz', 'i', 'a', 'l']","['f', 'i', 'n', 'a', 'n', 'c', 'i', 'a', 'l']",cz
g,"['t', 'h', 'i', 'n', 'gl', 's']","['t', 'h', 'i', 'n', 'g', 's']",gl
r,"['w', 'o', 'ro', 'k', 'i', 'n', 'g']","['w', 'o', 'r', 'k', 'i', 'n', 'g']",ro
i,"['a', 'g', 'a', 'iv', 'n', 's', 't']","['a', 'g', 'a', 'i', 'n', 's', 't']",iv
t,"['s', 'th', 'a', 'n', 'd', 'a', 'r', 'd']","['s', 't', 'a', 'n', 'd', 'a', 'r', 'd']",th
a,"['t', 'ad', 'x']","['t', 'a', 'x']",ad
e,"['p', 'ea', 'r', 's', 'o', 'n']","['p', 'e', 'r', 's', 'o', 'n']",ea
b,"['bk', 'e', 'l', 'o', 'w']","['b', 'e', 'l', 'o', 'w']",bk
o,"['m', 'of', 'b', 'i', 'l', 'e']","['m', 'o', 'b', 'i', 'l', 'e']",of
e,"['l', 'eb', 's', 's']","['l', 'e', 's', 's']",eb
g,"['gk', 'o', 't']","['g', 'o', 't']",gk
l,"['b', 'lh', 'o', 'g']","['b', 'l', 'o', 'g']",lh
p,"['pc', 'a', 'r', 't', 'y']","['p', 'a', 'r', 't', 'y']",pc
a,"['p', 'ad', 'y', 'm', 'e', 'n', 't']","['p', 'a', 'y', 'm', 'e', 'n', 't']",ad
i,"['e', 'q', 'u', 'iy', 'p', 'm', 'e', 'n', 't']","['e', 'q', 'u', 'i', 'p', 'm', 'e', 'n', 't']",iy
o,"['l', 'ow', 'g', 'i', 'n']","['l', 'o', 'g', 'i', 'n']",ow
d,"['s', 't', 'u', 'ds', 'e', 'n', 't']","['s', 't', 'u', 'd', 'e', 'n', 't']",ds
t,"['l', 'e', 'to']","['l', 'e', 't']",to
s,"['p', 'r', 'o', 'g', 'r', 'a', 'm', 'se']","['p', 'r', 'o', 'g', 'r', 'a', 'm', 's']",se
e,"['o', 'f', 'f', 'et', 'r', 's']","['o', 'f', 'f', 'e', 'r', 's']",et
a,"['l', 'e', 'g', 'at', 'l']","['l', 'e', 'g', 'a', 'l']",at
o,"['a', 'b', 'ou', 'v', 'e']","['a', 'b', 'o', 'v', 'e']",ou
t,"['r', 'e', 'c', 'e', 'n', 'th']","['r', 'e', 'c', 'e', 'n', 't']",th
k,"['p', 'a', 'r', 'kt']","['p', 'a', 'r', 'k']",kt
e,"['s', 't', 'o', 'r', 'er', 's']","['s', 't', 'o', 'r', 'e', 's']",er
d,"['s', 'i', 'dz', 'e']","['s', 'i', 'd', 'e']",dz
a,"['af', 'c', 't']","['a', 'c', 't']",af
l,"['p', 'r', 'o', 'b', 'lj', 'e', 'm']","['p', 'r', 'o', 'b', 'l', 'e', 'm']",lj
d,"['r', 'e', 'dj']","['r', 'e', 'd']",dj
e,"['g', 'i', 'v', 'ed']","['g', 'i', 'v', 'e']",ed
e,"['m', 'et', 'm', 'o', 'r', 'y']","['m', 'e', 'm', 'o', 'r', 'y']",et
a,"['p', 'e', 'r', 'f', 'o', 'r', 'm', 'aa', 'n', 'c', 'e']","['p', 'e', 'r', 'f', 'o', 'r', 'm', 'a', 'n', 'c', 'e']",aa
i,"['s', 'o', 'c', 'iw', 'a', 'l']","['s', 'o', 'c', 'i', 'a', 'l']",iw
s,"['a', 'u', 'g', 'u', 'se', 't']","['a', 'u', 'g', 'u', 's', 't']",se
u,"['q', 'uy', 'o', 't', 'e']","['q', 'u', 'o', 't', 'e']",uy
e,"['l', 'a', 'n', 'g', 'u', 'a', 'g', 'ef']","['l', 'a', 'n', 'g', 'u', 'a', 'g', 'e']",ef
o,"['s', 't', 'oq', 'r', 'y']","['s', 't', 'o', 'r', 'y']",oq
e,"['s', 'ep', 'l', 'l']","['s', 'e', 'l', 'l']",ep
n,"['o', 'p', 't', 'i', 'o', 'nt', 's']","['o', 'p', 't', 'i', 'o', 'n', 's']",nt
x,"['e', 'xh', 'p', 'e', 'r', 'i', 'e', 'n', 'c', 'e']","['e', 'x', 'p', 'e', 'r', 'i', 'e', 'n', 'c', 'e']",xh
e,"['r', 'a', 't', 'en', 's']","['r', 'a', 't', 'e', 's']",en
c,"['cu', 'r', 'e', 'a', 't', 'e']","['c', 'r', 'e', 'a', 't', 'e']",cu
k,"['kk', 'e', 'y']","['k', 'e', 'y']",kk
o,"['b', 'os', 'd', 'y']","['b', 'o', 'd', 'y']",os
o,"['y', 'oa', 'u', 'n', 'g']","['y', 'o', 'u', 'n', 'g']",oa
i,"['a', 'm', 'e', 'r', 'ii', 'c', 'a']","['a', 'm', 'e', 'r', 'i', 'c', 'a']",ii
o,"['i', 'm', 'p', 'og', 'r', 't', 'a', 'n', 't']","['i', 'm', 'p', 'o', 'r', 't', 'a', 'n', 't']",og
f,"['fo', 'i', 'e', 'l', 'd']","['f', 'i', 'e', 'l', 'd']",fo
e,"['f', 'ev', 'w']","['f', 'e', 'w']",ev
t,"['e', 'a', 's', 'tl']","['e', 'a', 's', 't']",tl
e,"['p', 'a', 'p', 'es', 'r']","['p', 'a', 'p', 'e', 'r']",es
i,"['s', 'iv', 'n', 'g', 'l', 'e']","['s', 'i', 'n', 'g', 'l', 'e']",iv
e,"['a', 'g', 'eo']","['a', 'g', 'e']",eo
c,"['a', 'cp', 't', 'i', 'v', 'i', 't', 'i', 'e', 's']","['a', 'c', 't', 'i', 'v', 'i', 't', 'i', 'e', 's']",cp
b,"['c', 'l', 'u', 'bb']","['c', 'l', 'u', 'b']",bb
l,"['e', 'x', 'a', 'm', 'p', 'lq', 'e']","['e', 'x', 'a', 'm', 'p', 'l', 'e']",lq
r,"['g', 'i', 'rx', 'l', 's']","['g', 'i', 'r', 'l', 's']",rx
t,"['a', 'd', 'd', 'i', 'tb', 'i', 'o', 'n', 'a', 'l']","['a', 'd', 'd', 'i', 't', 'i', 'o', 'n', 'a', 'l']",tb
a,"['p', 'aq', 's', 's', 'w', 'o', 'r', 'd']","['p', 'a', 's', 's', 'w', 'o', 'r', 'd']",aq
e,"['l', 'a', 't', 'eq', 's', 't']","['l', 'a', 't', 'e', 's', 't']",eq
h,"['s', 'o', 'm', 'e', 't', 'ha', 'i', 'n', 'g']","['s', 'o', 'm', 'e', 't', 'h', 'i', 'n', 'g']",ha
a,"['r', 'o', 'az', 'd']","['r', 'o', 'a', 'd']",az
i,"['g', 'ip', 'f', 't']","['g', 'i', 'f', 't']",ip
u,"['q', 'uc', 'e', 's', 't', 'i', 'o', 'n']","['q', 'u', 'e', 's', 't', 'i', 'o', 'n']",uc
h,"['c', 'ht', 'a', 'n', 'g', 'e', 's']","['c', 'h', 'a', 'n', 'g', 'e', 's']",ht
n,"['ng', 'i', 'g', 'h', 't']","['n', 'i', 'g', 'h', 't']",ng
a,"['h', 'an', 'r', 'd']","['h', 'a', 'r', 'd']",an
s,"['t', 'e', 'x', 'a', 'sy']","['t', 'e', 'x', 'a', 's']",sy
t,"['o', 'c', 'tt']","['o', 'c', 't']",tt
y,"['p', 'a', 'yy']","['p', 'a', 'y']",yy
r,"['f', 'o', 'u', 'ro']","['f', 'o', 'u', 'r']",ro
o,"['p', 'ox', 'k', 'e', 'r']","['p', 'o', 'k', 'e', 'r']",ox
u,"['s', 't', 'a', 't', 'ur', 's']","['s', 't', 'a', 't', 'u', 's']",ur
w,"['b', 'r', 'o', 'wj', 's', 'e']","['b', 'r', 'o', 'w', 's', 'e']",wj
e,"['i', 's', 's', 'u', 'ed']","['i', 's', 's', 'u', 'e']",ed
a,"['r', 'ao', 'n', 'g', 'e']","['r', 'a', 'n', 'g', 'e']",ao
u,"['b', 'ux', 'i', 'l', 'd', 'i', 'n', 'g']","['b', 'u', 'i', 'l', 'd', 'i', 'n', 'g']",ux
l,"['s', 'e', 'ld', 'ld', 'e', 'r']","['s', 'e', 'l', 'l', 'e', 'r']",ld
t,"['c', 'o', 'u', 'r', 'tt']","['c', 'o', 'u', 'r', 't']",tt
r,"['f', 'e', 'b', 'rr', 'u', 'a', 'rr', 'y']","['f', 'e', 'b', 'r', 'u', 'a', 'r', 'y']",rr
l,"['a', 'lr', 'w', 'a', 'y', 's']","['a', 'l', 'w', 'a', 'y', 's']",lr
s,"['r', 'e', 'sp', 'u', 'l', 't']","['r', 'e', 's', 'u', 'l', 't']",sp
u,"['a', 'uv', 'd', 'i', 'o']","['a', 'u', 'd', 'i', 'o']",uv
i,"['l', 'il', 'g', 'h', 't']","['l', 'i', 'g', 'h', 't']",il
e,"['w', 'r', 'i', 't', 'ez']","['w', 'r', 'i', 't', 'e']",ez
w,"['wg', 'a', 'r']","['w', 'a', 'r']",wg
v,"['n', 'o', 'vf']","['n', 'o', 'v']",vf
e,"['o', 'f', 'f', 'ej', 'r']","['o', 'f', 'f', 'e', 'r']",ej
l,"['b', 'lb', 'u', 'e']","['b', 'l', 'u', 'e']",lb
u,"['g', 'r', 'o', 'ug', 'p', 's']","['g', 'r', 'o', 'u', 'p', 's']",ug
e,"['ep', 'a', 's', 'y']","['e', 'a', 's', 'y']",ep
n,"['g', 'i', 'v', 'e', 'nr']","['g', 'i', 'v', 'e', 'n']",nr
s,"['f', 'i', 'l', 'e', 'sl']","['f', 'i', 'l', 'e', 's']",sl
n,"['e', 'v', 'e', 'ns', 't']","['e', 'v', 'e', 'n', 't']",ns
s,"['r', 'e', 'l', 'e', 'a', 'sh', 'e']","['r', 'e', 'l', 'e', 'a', 's', 'e']",sh
y,"['a', 'n', 'a', 'l', 'yr', 's', 'i', 's']","['a', 'n', 'a', 'l', 'y', 's', 'i', 's']",yr
u,"['r', 'e', 'q', 'uz', 'e', 's', 't']","['r', 'e', 'q', 'u', 'e', 's', 't']",uz
f,"['fa', 'a', 'x']","['f', 'a', 'x']",fa
a,"['c', 'h', 'i', 'n', 'aw']","['c', 'h', 'i', 'n', 'a']",aw
g,"['m', 'a', 'k', 'i', 'n', 'gb']","['m', 'a', 'k', 'i', 'n', 'g']",gb
c,"['p', 'i', 'ct', 't', 'u', 'r', 'e']","['p', 'i', 'c', 't', 'u', 'r', 'e']",ct
s,"['n', 'e', 'e', 'd', 'sm']","['n', 'e', 'e', 'd', 's']",sm
i,"['p', 'o', 's', 's', 'il', 'b', 'l', 'e']","['p', 'o', 's', 's', 'i', 'b', 'l', 'e']",il
h,"['m', 'i', 'g', 'he', 't']","['m', 'i', 'g', 'h', 't']",he
e,"['p', 'r', 'o', 'f', 'er', 's', 's', 'i', 'o', 'n', 'a', 'l']","['p', 'r', 'o', 'f', 'e', 's', 's', 'i', 'o', 'n', 'a', 'l']",er
y,"['ya', 'e', 't']","['y', 'e', 't']",ya
m,"['mr', 'o', 'n', 't', 'h']","['m', 'o', 'n', 't', 'h']",mr
a,"['m', 'ax', 'j', 'o', 'r']","['m', 'a', 'j', 'o', 'r']",ax
s,"['sz', 't', 'a', 'r']","['s', 't', 'a', 'r']",sz
e,"['a', 'r', 'er', 'a', 's']","['a', 'r', 'e', 'a', 's']",er
r,"['f', 'u', 't', 'u', 'ru', 'e']","['f', 'u', 't', 'u', 'r', 'e']",ru
a,"['s', 'p', 'az', 'c', 'e']","['s', 'p', 'a', 'c', 'e']",az
m,"['c', 'o', 'mh', 'mh', 'i', 't', 't', 'e', 'e']","['c', 'o', 'm', 'm', 'i', 't', 't', 'e', 'e']",mh
n,"['h', 'a', 'ns', 'd']","['h', 'a', 'n', 'd']",ns
s,"['sg', 'u', 'n']","['s', 'u', 'n']",sg
r,"['c', 'a', 'rv', 'd', 's']","['c', 'a', 'r', 'd', 's']",rv
m,"['p', 'r', 'o', 'b', 'l', 'e', 'me', 's']","['p', 'r', 'o', 'b', 'l', 'e', 'm', 's']",me
d,"['l', 'o', 'n', 'ds', 'o', 'n']","['l', 'o', 'n', 'd', 'o', 'n']",ds
o,"['w', 'a', 's', 'h', 'i', 'n', 'g', 't', 'om', 'n']","['w', 'a', 's', 'h', 'i', 'n', 'g', 't', 'o', 'n']",om
i,"['m', 'e', 'e', 't', 'ih', 'n', 'g']","['m', 'e', 'e', 't', 'i', 'n', 'g']",ih
r,"['rx', 's', 's']","['r', 's', 's']",rx
m,"['b', 'e', 'c', 'o', 'mj', 'e']","['b', 'e', 'c', 'o', 'm', 'e']",mj
r,"['i', 'n', 't', 'e', 'rs', 'e', 's', 't']","['i', 'n', 't', 'e', 'r', 'e', 's', 't']",rs
d,"['c', 'h', 'i', 'l', 'de']","['c', 'h', 'i', 'l', 'd']",de
e,"['k', 'er', 'er', 'p']","['k', 'e', 'e', 'p']",er
r,"['e', 'n', 't', 'e', 'rk']","['e', 'n', 't', 'e', 'r']",rk
i,"['c', 'a', 'l', 'ij', 'f', 'o', 'r', 'n', 'ij', 'a']","['c', 'a', 'l', 'i', 'f', 'o', 'r', 'n', 'i', 'a']",ij
r,"['p', 'o', 'rc', 'n']","['p', 'o', 'r', 'n']",rc
e,"['s', 'h', 'a', 'r', 'eu']","['s', 'h', 'a', 'r', 'e']",eu
s,"['sl', 'i', 'm', 'i', 'l', 'a', 'r']","['s', 'i', 'm', 'i', 'l', 'a', 'r']",sl
e,"['g', 'a', 'r', 'd', 'en', 'n']","['g', 'a', 'r', 'd', 'e', 'n']",en
l,"['s', 'c', 'h', 'o', 'o', 'li', 's']","['s', 'c', 'h', 'o', 'o', 'l', 's']",li
l,"['m', 'i', 'ly', 'ly', 'i', 'o', 'n']","['m', 'i', 'l', 'l', 'i', 'o', 'n']",ly
d,"['a', 'dz', 'dz', 'e', 'dz']","['a', 'd', 'd', 'e', 'd']",dz
e,"['r', 'er', 'f', 'er', 'r', 'er', 'n', 'c', 'er']","['r', 'e', 'f', 'e', 'r', 'e', 'n', 'c', 'e']",er
m,"['c', 'o', 'mu', 'p', 'a', 'n', 'i', 'e', 's']","['c', 'o', 'm', 'p', 'a', 'n', 'i', 'e', 's']",mu
s,"['l', 'i', 'sa', 't', 'e', 'd']","['l', 'i', 's', 't', 'e', 'd']",sa
a,"['b', 'as', 'b', 'y']","['b', 'a', 'b', 'y']",as
i,"['l', 'e', 'a', 'r', 'n', 'iy', 'n', 'g']","['l', 'e', 'a', 'r', 'n', 'i', 'n', 'g']",iy
n,"['e', 'nv', 'e', 'r', 'g', 'y']","['e', 'n', 'e', 'r', 'g', 'y']",nv
n,"['r', 'u', 'np']","['r', 'u', 'n']",np
r,"['d', 'e', 'l', 'i', 'v', 'e', 'ri', 'y']","['d', 'e', 'l', 'i', 'v', 'e', 'r', 'y']",ri
n,"['nf', 'e', 't']","['n', 'e', 't']",nf
r,"['p', 'o', 'p', 'u', 'l', 'a', 'rv']","['p', 'o', 'p', 'u', 'l', 'a', 'r']",rv
m,"['t', 'e', 'r', 'mm']","['t', 'e', 'r', 'm']",mm
m,"['f', 'i', 'l', 'mq']","['f', 'i', 'l', 'm']",mq
s,"['sv', 't', 'o', 'r', 'i', 'e', 'sv']","['s', 't', 'o', 'r', 'i', 'e', 's']",sv
t,"['p', 'u', 'tw']","['p', 'u', 't']",tw
p,"['c', 'o', 'm', 'pv', 'u', 't', 'e', 'r', 's']","['c', 'o', 'm', 'p', 'u', 't', 'e', 'r', 's']",pv
u,"['j', 'o', 'ua', 'r', 'n', 'a', 'l']","['j', 'o', 'u', 'r', 'n', 'a', 'l']",ua
e,"['r', 'ea', 'p', 'o', 'r', 't', 's']","['r', 'e', 'p', 'o', 'r', 't', 's']",ea
t,"['tr', 'r', 'y']","['t', 'r', 'y']",tr
e,"['w', 'ec', 'l', 'c', 'o', 'm', 'ec']","['w', 'e', 'l', 'c', 'o', 'm', 'e']",ec
t,"['c', 'e', 'n', 'th', 'r', 'a', 'l']","['c', 'e', 'n', 't', 'r', 'a', 'l']",th
g,"['i', 'm', 'a', 'gn', 'e', 's']","['i', 'm', 'a', 'g', 'e', 's']",gn
n,"['p', 'r', 'e', 's', 'i', 'd', 'e', 'ne', 't']","['p', 'r', 'e', 's', 'i', 'd', 'e', 'n', 't']",ne
e,"['n', 'o', 't', 'i', 'c', 'ew']","['n', 'o', 't', 'i', 'c', 'e']",ew
d,"['g', 'o', 'dk']","['g', 'o', 'd']",dk
g,"['o', 'r', 'i', 'gn', 'i', 'n', 'a', 'l']","['o', 'r', 'i', 'g', 'i', 'n', 'a', 'l']",gn
d,"['h', 'e', 'a', 'du']","['h', 'e', 'a', 'd']",du
o,"['r', 'a', 'd', 'i', 'on']","['r', 'a', 'd', 'i', 'o']",on
n,"['u', 'nt', 't', 'i', 'l']","['u', 'n', 't', 'i', 'l']",nt
l,"['c', 'e', 'lr', 'lr']","['c', 'e', 'l', 'l']",lr
r,"['c', 'o', 'l', 'o', 'rv']","['c', 'o', 'l', 'o', 'r']",rv
s,"['st', 'e', 'l', 'f']","['s', 'e', 'l', 'f']",st
l,"['c', 'o', 'u', 'n', 'c', 'i', 'la']","['c', 'o', 'u', 'n', 'c', 'i', 'l']",la
w,"['a', 'wk', 'a', 'y']","['a', 'w', 'a', 'y']",wk
i,"['io', 'n', 'c', 'l', 'u', 'd', 'e', 's']","['i', 'n', 'c', 'l', 'u', 'd', 'e', 's']",io
k,"['t', 'r', 'a', 'c', 'kk']","['t', 'r', 'a', 'c', 'k']",kk
l,"['a', 'u', 's', 't', 'r', 'a', 'lz', 'i', 'a']","['a', 'u', 's', 't', 'r', 'a', 'l', 'i', 'a']",lz
d,"['du', 'i', 's', 'c', 'u', 's', 's', 'i', 'o', 'n']","['d', 'i', 's', 'c', 'u', 's', 's', 'i', 'o', 'n']",du
a,"['aw', 'r', 'c', 'h', 'i', 'v', 'e']","['a', 'r', 'c', 'h', 'i', 'v', 'e']",aw
e,"['o', 'n', 'c', 'ew']","['o', 'n', 'c', 'e']",ew
t,"['o', 'tm', 'h', 'e', 'r', 's']","['o', 't', 'h', 'e', 'r', 's']",tm
t,"['e', 'n', 'td', 'e', 'r', 'td', 'a', 'i', 'n', 'm', 'e', 'n', 'td']","['e', 'n', 't', 'e', 'r', 't', 'a', 'i', 'n', 'm', 'e', 'n', 't']",td
g,"['a', 'gg', 'r', 'e', 'e', 'm', 'e', 'n', 't']","['a', 'g', 'r', 'e', 'e', 'm', 'e', 'n', 't']",gg
a,"['f', 'o', 'r', 'm', 'as', 't']","['f', 'o', 'r', 'm', 'a', 't']",as
s,"['l', 'e', 'a', 'sa', 't']","['l', 'e', 'a', 's', 't']",sa
c,"['s', 'o', 'cj', 'i', 'e', 't', 'y']","['s', 'o', 'c', 'i', 'e', 't', 'y']",cj
n,"['m', 'o', 'ne', 't', 'h', 's']","['m', 'o', 'n', 't', 'h', 's']",ne
o,"['l', 'od', 'g']","['l', 'o', 'g']",od
f,"['s', 'a', 'fh', 'e', 't', 'y']","['s', 'a', 'f', 'e', 't', 'y']",fh
d,"['f', 'r', 'i', 'e', 'n', 'db', 's']","['f', 'r', 'i', 'e', 'n', 'd', 's']",db
e,"['s', 'u', 'r', 'ei']","['s', 'u', 'r', 'e']",ei
q,"['f', 'a', 'qx']","['f', 'a', 'q']",qx
t,"['tr', 'r', 'a', 'd', 'e']","['t', 'r', 'a', 'd', 'e']",tr
n,"['e', 'd', 'i', 't', 'i', 'o', 'nr']","['e', 'd', 'i', 't', 'i', 'o', 'n']",nr
c,"['cs', 'a', 'r', 's']","['c', 'a', 'r', 's']",cs
a,"['m', 'e', 's', 's', 'aw', 'g', 'e', 's']","['m', 'e', 's', 's', 'a', 'g', 'e', 's']",aw
m,"['mh', 'a', 'r', 'k', 'e', 't', 'i', 'n', 'g']","['m', 'a', 'r', 'k', 'e', 't', 'i', 'n', 'g']",mh
l,"['t', 'e', 'ld', 'ld']","['t', 'e', 'l', 'l']",ld
e,"['f', 'u', 'r', 't', 'h', 'el', 'r']","['f', 'u', 'r', 't', 'h', 'e', 'r']",el
p,"['u', 'pu', 'd', 'a', 't', 'e', 'd']","['u', 'p', 'd', 'a', 't', 'e', 'd']",pu
c,"['a', 's', 's', 'o', 'cf', 'i', 'a', 't', 'i', 'o', 'n']","['a', 's', 's', 'o', 'c', 'i', 'a', 't', 'i', 'o', 'n']",cf
l,"['a', 'b', 'li', 'e']","['a', 'b', 'l', 'e']",li
g,"['h', 'a', 'v', 'i', 'n', 'gp']","['h', 'a', 'v', 'i', 'n', 'g']",gp
i,"['p', 'r', 'o', 'v', 'is', 'd', 'e', 's']","['p', 'r', 'o', 'v', 'i', 'd', 'e', 's']",is
d,"['dn', 'a', 'v', 'i', 'dn']","['d', 'a', 'v', 'i', 'd']",dn
n,"['f', 'u', 'ny']","['f', 'u', 'n']",ny
l,"['a', 'lc', 'r', 'e', 'a', 'd', 'y']","['a', 'l', 'r', 'e', 'a', 'd', 'y']",lc
g,"['ga', 'r', 'e', 'e', 'n']","['g', 'r', 'e', 'e', 'n']",ga
t,"['s', 'to', 'u', 'd', 'i', 'e', 's']","['s', 't', 'u', 'd', 'i', 'e', 's']",to
l,"['c', 'lb', 'o', 's', 'e']","['c', 'l', 'o', 's', 'e']",lb
o,"['c', 'oh', 'm', 'm', 'oh', 'n']","['c', 'o', 'm', 'm', 'o', 'n']",oh
v,"['d', 'r', 'i', 'vv', 'e']","['d', 'r', 'i', 'v', 'e']",vv
p,"['s', 'ps', 'e', 'c', 'i', 'f', 'i', 'c']","['s', 'p', 'e', 'c', 'i', 'f', 'i', 'c']",ps
l,"['s', 'e', 'v', 'e', 'r', 'a', 'lm']","['s', 'e', 'v', 'e', 'r', 'a', 'l']",lm
o,"['g', 'oz', 'l', 'd']","['g', 'o', 'l', 'd']",oz
f,"['fg', 'e', 'b']","['f', 'e', 'b']",fg
i,"['l', 'it', 'v', 'it', 'n', 'g']","['l', 'i', 'v', 'i', 'n', 'g']",it
s,"['se', 'e', 'p']","['s', 'e', 'p']",se
i,"['c', 'o', 'l', 'l', 'e', 'c', 't', 'ip', 'o', 'n']","['c', 'o', 'l', 'l', 'e', 'c', 't', 'i', 'o', 'n']",ip
e,"['c', 'a', 'l', 'l', 'et', 'd']","['c', 'a', 'l', 'l', 'e', 'd']",et
t,"['s', 'h', 'o', 'r', 'tm']","['s', 'h', 'o', 'r', 't']",tm
s,"['a', 'r', 't', 'sm']","['a', 'r', 't', 's']",sm
t,"['l', 'o', 'ty']","['l', 'o', 't']",ty
s,"['a', 'sn', 'k']","['a', 's', 'k']",sn
d,"['dw', 'i', 's', 'p', 'l', 'a', 'y']","['d', 'i', 's', 'p', 'l', 'a', 'y']",dw
e,"['l', 'i', 'm', 'i', 't', 'ep', 'd']","['l', 'i', 'm', 'i', 't', 'e', 'd']",ep
p,"['pa', 'o', 'w', 'e', 'r', 'e', 'd']","['p', 'o', 'w', 'e', 'r', 'e', 'd']",pa
u,"['s', 'o', 'l', 'uf', 't', 'i', 'o', 'n', 's']","['s', 'o', 'l', 'u', 't', 'i', 'o', 'n', 's']",uf
m,"['mz', 'e', 'a', 'n', 's']","['m', 'e', 'a', 'n', 's']",mz
r,"['d', 'i', 'rj', 'e', 'c', 't', 'o', 'rj']","['d', 'i', 'r', 'e', 'c', 't', 'o', 'r']",rj
l,"['d', 'a', 'i', 'lb', 'y']","['d', 'a', 'i', 'l', 'y']",lb
h,"['b', 'e', 'a', 'c', 'hm']","['b', 'e', 'a', 'c', 'h']",hm
t,"['p', 'a', 's', 'tq']","['p', 'a', 's', 't']",tq
l,"['n', 'a', 't', 'u', 'r', 'a', 'le']","['n', 'a', 't', 'u', 'r', 'a', 'l']",le
w,"['ws', 'h', 'e', 't', 'h', 'e', 'r']","['w', 'h', 'e', 't', 'h', 'e', 'r']",ws
u,"['d', 'ue', 'e']","['d', 'u', 'e']",ue
e,"['ew', 'l', 'ew', 'c', 't', 'r', 'o', 'n', 'i', 'c', 's']","['e', 'l', 'e', 'c', 't', 'r', 'o', 'n', 'i', 'c', 's']",ew
i,"['f', 'ia', 'v', 'e']","['f', 'i', 'v', 'e']",ia
p,"['u', 'ph', 'o', 'n']","['u', 'p', 'o', 'n']",ph
e,"['p', 'ev', 'r', 'i', 'o', 'd']","['p', 'e', 'r', 'i', 'o', 'd']",ev
i,"['p', 'l', 'a', 'n', 'n', 'in', 'n', 'g']","['p', 'l', 'a', 'n', 'n', 'i', 'n', 'g']",in
s,"['d', 'a', 't', 'a', 'b', 'a', 'st', 'e']","['d', 'a', 't', 'a', 'b', 'a', 's', 'e']",st
s,"['sk', 'a', 'y', 'sk']","['s', 'a', 'y', 's']",sk
o,"['oc', 'f', 'f', 'i', 'c', 'i', 'a', 'l']","['o', 'f', 'f', 'i', 'c', 'i', 'a', 'l']",oc
h,"['w', 'e', 'a', 't', 'hu', 'e', 'r']","['w', 'e', 'a', 't', 'h', 'e', 'r']",hu
r,"['m', 'a', 'rv']","['m', 'a', 'r']",rv
l,"['ls', 'a', 'n', 'd']","['l', 'a', 'n', 'd']",ls
e,"['a', 'v', 'ei', 'r', 'a', 'g', 'ei']","['a', 'v', 'e', 'r', 'a', 'g', 'e']",ei
n,"['d', 'o', 'nh', 'e']","['d', 'o', 'n', 'e']",nh
t,"['ts', 'e', 'c', 'h', 'n', 'i', 'c', 'a', 'l']","['t', 'e', 'c', 'h', 'n', 'i', 'c', 'a', 'l']",ts
n,"['w', 'i', 'ne', 'd', 'o', 'w']","['w', 'i', 'n', 'd', 'o', 'w']",ne
c,"['f', 'r', 'a', 'n', 'co', 'e']","['f', 'r', 'a', 'n', 'c', 'e']",co
r,"['p', 'rv', 'o']","['p', 'r', 'o']",rv
g,"['r', 'e', 'gw', 'i', 'o', 'n']","['r', 'e', 'g', 'i', 'o', 'n']",gw
a,"['i', 's', 'l', 'aa', 'n', 'd']","['i', 's', 'l', 'a', 'n', 'd']",aa
o,"['r', 'e', 'c', 'oj', 'r', 'd']","['r', 'e', 'c', 'o', 'r', 'd']",oj
i,"['d', 'iw', 'r', 'e', 'c', 't']","['d', 'i', 'r', 'e', 'c', 't']",iw
m,"['mq', 'i', 'c', 'r', 'o', 's', 'o', 'f', 't']","['m', 'i', 'c', 'r', 'o', 's', 'o', 'f', 't']",mq
o,"['c', 'og', 'n', 'f', 'e', 'r', 'e', 'n', 'c', 'e']","['c', 'o', 'n', 'f', 'e', 'r', 'e', 'n', 'c', 'e']",og
t,"['e', 'n', 'v', 'i', 'r', 'o', 'n', 'm', 'e', 'n', 'tp']","['e', 'n', 'v', 'i', 'r', 'o', 'n', 'm', 'e', 'n', 't']",tp
d,"['r', 'e', 'c', 'o', 'r', 'db', 's']","['r', 'e', 'c', 'o', 'r', 'd', 's']",db
s,"['d', 'i', 'sx', 't', 'r', 'i', 'c', 't']","['d', 'i', 's', 't', 'r', 'i', 'c', 't']",sx
c,"['cu', 'a', 'l', 'e', 'n', 'd', 'a', 'r']","['c', 'a', 'l', 'e', 'n', 'd', 'a', 'r']",cu
c,"['ce', 'o', 's', 't', 's']","['c', 'o', 's', 't', 's']",ce
e,"['s', 't', 'y', 'l', 'eb']","['s', 't', 'y', 'l', 'e']",eb
u,"['ui', 'r', 'l']","['u', 'r', 'l']",ui
o,"['f', 'r', 'oj', 'n', 't']","['f', 'r', 'o', 'n', 't']",oj
t,"['s', 'tp', 'a', 'tp', 'e', 'm', 'e', 'n', 'tp']","['s', 't', 'a', 't', 'e', 'm', 'e', 'n', 't']",tp
d,"['u', 'p', 'dz', 'a', 't', 'e']","['u', 'p', 'd', 'a', 't', 'e']",dz
p,"['pd', 'a', 'r', 't', 's']","['p', 'a', 'r', 't', 's']",pd
a,"['ap', 'u', 'g']","['a', 'u', 'g']",ap
e,"['eb', 'v', 'eb', 'r']","['e', 'v', 'e', 'r']",eb
o,"['d', 'ov', 'w', 'n', 'l', 'ov', 'a', 'd', 's']","['d', 'o', 'w', 'n', 'l', 'o', 'a', 'd', 's']",ov
e,"['eq', 'a', 'r', 'l', 'y']","['e', 'a', 'r', 'l', 'y']",eq
l,"['m', 'i', 'ls', 'e', 's']","['m', 'i', 'l', 'e', 's']",ls
u,"['s', 'o', 'un', 'n', 'd']","['s', 'o', 'u', 'n', 'd']",un
u,"['r', 'e', 's', 'o', 'uk', 'r', 'c', 'e']","['r', 'e', 's', 'o', 'u', 'r', 'c', 'e']",uk
p,"['pf', 'r', 'e', 's', 'e', 'n', 't']","['p', 'r', 'e', 's', 'e', 'n', 't']",pf
p,"['a', 'pm', 'pm', 'l', 'i', 'c', 'a', 't', 'i', 'o', 'n', 's']","['a', 'p', 'p', 'l', 'i', 'c', 'a', 't', 'i', 'o', 'n', 's']",pm
t,"['e', 'i', 'to', 'h', 'e', 'r']","['e', 'i', 't', 'h', 'e', 'r']",to
o,"['a', 'g', 'og']","['a', 'g', 'o']",og
d,"['du', 'o', 'c', 'u', 'm', 'e', 'n', 't']","['d', 'o', 'c', 'u', 'm', 'e', 'n', 't']",du
d,"['w', 'o', 'r', 'dn']","['w', 'o', 'r', 'd']",dn
w,"['wb', 'o', 'r', 'k', 's']","['w', 'o', 'r', 'k', 's']",wb
t,"['m', 'a', 'ta', 'e', 'r', 'i', 'a', 'l']","['m', 'a', 't', 'e', 'r', 'i', 'a', 'l']",ta
i,"['b', 'iu', 'l', 'l']","['b', 'i', 'l', 'l']",iu
a,"['au', 'p', 'r']","['a', 'p', 'r']",au
n,"['w', 'r', 'i', 't', 't', 'e', 'ny']","['w', 'r', 'i', 't', 't', 'e', 'n']",ny
k,"['t', 'a', 'l', 'kw']","['t', 'a', 'l', 'k']",kw
f,"['fe', 'e', 'd', 'e', 'r', 'a', 'l']","['f', 'e', 'd', 'e', 'r', 'a', 'l']",fe
t,"['h', 'o', 's', 'tp', 'i', 'n', 'g']","['h', 'o', 's', 't', 'i', 'n', 'g']",tp
r,"['rj', 'u', 'l', 'e', 's']","['r', 'u', 'l', 'e', 's']",rj
a,"['f', 'i', 'n', 'ax', 'l']","['f', 'i', 'n', 'a', 'l']",ax
t,"['a', 'd', 'u', 'l', 'to']","['a', 'd', 'u', 'l', 't']",to
e,"['t', 'i', 'c', 'k', 'ew', 't', 's']","['t', 'i', 'c', 'k', 'e', 't', 's']",ew
i,"['t', 'h', 'io', 'n', 'g']","['t', 'h', 'i', 'n', 'g']",io
n,"['c', 'e', 'ns', 't', 'r', 'e']","['c', 'e', 'n', 't', 'r', 'e']",ns
t,"['r', 'e', 'q', 'u', 'i', 'r', 'e', 'm', 'e', 'n', 'tq', 's']","['r', 'e', 'q', 'u', 'i', 'r', 'e', 'm', 'e', 'n', 't', 's']",tq
v,"['vo', 'i', 'a']","['v', 'i', 'a']",vo
e,"['c', 'h', 'ed', 'a', 'p']","['c', 'h', 'e', 'a', 'p']",ed
e,"['n', 'u', 'd', 'ep']","['n', 'u', 'd', 'e']",ep
i,"['k', 'id', 'd', 's']","['k', 'i', 'd', 's']",id
f,"['fi', 'i', 'n', 'a', 'n', 'c', 'e']","['f', 'i', 'n', 'a', 'n', 'c', 'e']",fi
t,"['tx', 'r', 'u', 'e']","['t', 'r', 'u', 'e']",tx
s,"['m', 'i', 'n', 'u', 't', 'e', 'sn']","['m', 'i', 'n', 'u', 't', 'e', 's']",sn
e,"['en', 'l', 's', 'en']","['e', 'l', 's', 'e']",en
a,"['m', 'aq', 'r', 'k']","['m', 'a', 'r', 'k']",aq
r,"['t', 'h', 'i', 'rm', 'd']","['t', 'h', 'i', 'r', 'd']",rm
o,"['r', 'oj', 'c', 'k']","['r', 'o', 'c', 'k']",oj
f,"['g', 'i', 'ff', 't', 's']","['g', 'i', 'f', 't', 's']",ff
p,"['e', 'u', 'r', 'o', 'pe', 'e']","['e', 'u', 'r', 'o', 'p', 'e']",pe
a,"['r', 'e', 'ac', 'd', 'i', 'n', 'g']","['r', 'e', 'a', 'd', 'i', 'n', 'g']",ac
t,"['te', 'o', 'p', 'i', 'c', 's']","['t', 'o', 'p', 'i', 'c', 's']",te
a,"['b', 'ae', 'd']","['b', 'a', 'd']",ae
l,"['i', 'n', 'd', 'i', 'v', 'i', 'd', 'u', 'a', 'lp']","['i', 'n', 'd', 'i', 'v', 'i', 'd', 'u', 'a', 'l']",lp
s,"['t', 'i', 'p', 'sn']","['t', 'i', 'p', 's']",sn
s,"['p', 'l', 'u', 'sy']","['p', 'l', 'u', 's']",sy
t,"['a', 'u', 'tt', 'o']","['a', 'u', 't', 'o']",tt
r,"['c', 'o', 'v', 'e', 're']","['c', 'o', 'v', 'e', 'r']",re
y,"['u', 's', 'u', 'a', 'l', 'l', 'yc']","['u', 's', 'u', 'a', 'l', 'l', 'y']",yc
t,"['e', 'd', 'i', 'tx']","['e', 'd', 'i', 't']",tx
t,"['tf', 'o', 'g', 'e', 'tf', 'h', 'e', 'r']","['t', 'o', 'g', 'e', 't', 'h', 'e', 'r']",tf
i,"['v', 'ia', 'd', 'e', 'o', 's']","['v', 'i', 'd', 'e', 'o', 's']",ia
n,"['p', 'e', 'r', 'c', 'e', 'ny', 't']","['p', 'e', 'r', 'c', 'e', 'n', 't']",ny
f,"['fv', 'a', 's', 't']","['f', 'a', 's', 't']",fv
t,"['f', 'u', 'n', 'c', 'tv', 'i', 'o', 'n']","['f', 'u', 'n', 'c', 't', 'i', 'o', 'n']",tv
c,"['f', 'a', 'ck', 't']","['f', 'a', 'c', 't']",ck
t,"['u', 'n', 'i', 'td']","['u', 'n', 'i', 't']",td
t,"['g', 'e', 'ti', 'ti', 'i', 'n', 'g']","['g', 'e', 't', 't', 'i', 'n', 'g']",ti
b,"['g', 'l', 'o', 'bm', 'a', 'l']","['g', 'l', 'o', 'b', 'a', 'l']",bm
c,"['t', 'e', 'cb', 'h']","['t', 'e', 'c', 'h']",cb
m,"['mh', 'e', 'e', 't']","['m', 'e', 'e', 't']",mh
f,"['fk', 'a', 'r']","['f', 'a', 'r']",fk
e,"['ef', 'c', 'o', 'n', 'o', 'm', 'i', 'c']","['e', 'c', 'o', 'n', 'o', 'm', 'i', 'c']",ef
a,"['p', 'l', 'af', 'y', 'e', 'r']","['p', 'l', 'a', 'y', 'e', 'r']",af
c,"['p', 'r', 'o', 'j', 'e', 'ct', 't', 's']","['p', 'r', 'o', 'j', 'e', 'c', 't', 's']",ct
s,"['l', 'y', 'r', 'i', 'c', 'sg']","['l', 'y', 'r', 'i', 'c', 's']",sg
o,"['ow', 'f', 't', 'e', 'n']","['o', 'f', 't', 'e', 'n']",ow
s,"['sh', 'u', 'b', 'sh', 'c', 'r', 'i', 'b', 'e']","['s', 'u', 'b', 's', 'c', 'r', 'i', 'b', 'e']",sh
i,"['s', 'u', 'b', 'm', 'is', 't']","['s', 'u', 'b', 'm', 'i', 't']",is
n,"['g', 'e', 'r', 'm', 'a', 'nx', 'y']","['g', 'e', 'r', 'm', 'a', 'n', 'y']",nx
m,"['a', 'mg', 'o', 'u', 'n', 't']","['a', 'm', 'o', 'u', 'n', 't']",mg
t,"['w', 'a', 'tp', 'c', 'h']","['w', 'a', 't', 'c', 'h']",tp
d,"['i', 'n', 'c', 'l', 'u', 'ds', 'e', 'ds']","['i', 'n', 'c', 'l', 'u', 'd', 'e', 'd']",ds
l,"['f', 'e', 'e', 'lv']","['f', 'e', 'e', 'l']",lv
h,"['t', 'hf', 'o', 'u', 'g', 'hf']","['t', 'h', 'o', 'u', 'g', 'h']",hf
k,"['b', 'a', 'n', 'ks']","['b', 'a', 'n', 'k']",ks
s,"['r', 'i', 'sb', 'k']","['r', 'i', 's', 'k']",sb
h,"['t', 'hk', 'a', 'n', 'k', 's']","['t', 'h', 'a', 'n', 'k', 's']",hk
y,"['e', 'v', 'e', 'r', 'yg', 't', 'h', 'i', 'n', 'g']","['e', 'v', 'e', 'r', 'y', 't', 'h', 'i', 'n', 'g']",yg
a,"['d', 'e', 'at', 'l', 's']","['d', 'e', 'a', 'l', 's']",at
u,"['v', 'a', 'r', 'i', 'o', 'uh', 's']","['v', 'a', 'r', 'i', 'o', 'u', 's']",uh
d,"['w', 'o', 'r', 'db', 's']","['w', 'o', 'r', 'd', 's']",db
l,"['lj', 'i', 'n', 'u', 'x']","['l', 'i', 'n', 'u', 'x']",lj
j,"['jx', 'u', 'l']","['j', 'u', 'l']",jx
i,"['p', 'r', 'o', 'd', 'u', 'c', 't', 'iu', 'o', 'n']","['p', 'r', 'o', 'd', 'u', 'c', 't', 'i', 'o', 'n']",iu
l,"['c', 'o', 'm', 'm', 'e', 'r', 'c', 'i', 'a', 'li']","['c', 'o', 'm', 'm', 'e', 'r', 'c', 'i', 'a', 'l']",li
s,"['j', 'a', 'm', 'e', 'ss']","['j', 'a', 'm', 'e', 's']",ss
w,"['wb', 'e', 'i', 'g', 'h', 't']","['w', 'e', 'i', 'g', 'h', 't']",wb
o,"['t', 'of', 'w', 'n']","['t', 'o', 'w', 'n']",of
h,"['hu', 'e', 'a', 'r', 't']","['h', 'e', 'a', 'r', 't']",hu
e,"['a', 'd', 'v', 'ey', 'r', 't', 'i', 's', 'i', 'n', 'g']","['a', 'd', 'v', 'e', 'r', 't', 'i', 's', 'i', 'n', 'g']",ey
i,"['r', 'e', 'c', 'e', 'it', 'v', 'e', 'd']","['r', 'e', 'c', 'e', 'i', 'v', 'e', 'd']",it
e,"['c', 'h', 'o', 'o', 's', 'ex']","['c', 'h', 'o', 'o', 's', 'e']",ex
n,"['t', 'r', 'e', 'a', 't', 'm', 'e', 'nv', 't']","['t', 'r', 'e', 'a', 't', 'm', 'e', 'n', 't']",nv
n,"['nj', 'e', 'w', 's', 'l', 'e', 't', 't', 'e', 'r']","['n', 'e', 'w', 's', 'l', 'e', 't', 't', 'e', 'r']",nj
e,"['a', 'r', 'c', 'h', 'i', 'v', 'el', 's']","['a', 'r', 'c', 'h', 'i', 'v', 'e', 's']",el
o,"['p', 'oi', 'i', 'n', 't', 's']","['p', 'o', 'i', 'n', 't', 's']",oi
e,"['k', 'n', 'o', 'w', 'l', 'ee', 'd', 'g', 'ee']","['k', 'n', 'o', 'w', 'l', 'e', 'd', 'g', 'e']",ee
a,"['m', 'av', 'g', 'av', 'z', 'i', 'n', 'e']","['m', 'a', 'g', 'a', 'z', 'i', 'n', 'e']",av
e,"['em', 'r', 'r', 'o', 'r']","['e', 'r', 'r', 'o', 'r']",em
c,"['cc', 'a', 'm', 'e', 'r', 'a']","['c', 'a', 'm', 'e', 'r', 'a']",cc
j,"['jk', 'u', 'n']","['j', 'u', 'n']",jk
i,"['g', 'in', 'r', 'l']","['g', 'i', 'r', 'l']",in
t,"['c', 'u', 'r', 'r', 'e', 'n', 'tw', 'l', 'y']","['c', 'u', 'r', 'r', 'e', 'n', 't', 'l', 'y']",tw
r,"['c', 'o', 'n', 's', 't', 'rn', 'u', 'c', 't', 'i', 'o', 'n']","['c', 'o', 'n', 's', 't', 'r', 'u', 'c', 't', 'i', 'o', 'n']",rn
t,"['ti', 'o', 'y', 's']","['t', 'o', 'y', 's']",ti
g,"['r', 'e', 'gt', 'i', 's', 't', 'e', 'r', 'e', 'd']","['r', 'e', 'g', 'i', 's', 't', 'e', 'r', 'e', 'd']",gt
c,"['cu', 'l', 'e', 'a', 'r']","['c', 'l', 'e', 'a', 'r']",cu
o,"['g', 'of', 'l', 'f']","['g', 'o', 'l', 'f']",of
i,"['r', 'e', 'c', 'e', 'is', 'v', 'e']","['r', 'e', 'c', 'e', 'i', 'v', 'e']",is
i,"['d', 'o', 'm', 'a', 'it', 'n']","['d', 'o', 'm', 'a', 'i', 'n']",it
e,"['m', 'ej', 't', 'h', 'o', 'd', 's']","['m', 'e', 't', 'h', 'o', 'd', 's']",ej
t,"['c', 'h', 'a', 'p', 'tf', 'e', 'r']","['c', 'h', 'a', 'p', 't', 'e', 'r']",tf
m,"['mc', 'a', 'k', 'e', 's']","['m', 'a', 'k', 'e', 's']",mc
n,"['p', 'r', 'o', 't', 'e', 'c', 't', 'i', 'o', 'nd']","['p', 'r', 'o', 't', 'e', 'c', 't', 'i', 'o', 'n']",nd
l,"['p', 'o', 'lo', 'i', 'c', 'i', 'e', 's']","['p', 'o', 'l', 'i', 'c', 'i', 'e', 's']",lo
o,"['l', 'oi', 'a', 'n']","['l', 'o', 'a', 'n']",oi
i,"['w', 'ia', 'd', 'e']","['w', 'i', 'd', 'e']",ia
e,"['b', 'ee', 'a', 'u', 't', 'y']","['b', 'e', 'a', 'u', 't', 'y']",ee
m,"['md', 'a', 'n', 'a', 'g', 'e', 'r']","['m', 'a', 'n', 'a', 'g', 'e', 'r']",md
a,"['i', 'n', 'd', 'i', 'an']","['i', 'n', 'd', 'i', 'a']",an
o,"['p', 'os', 's', 'i', 't', 'i', 'os', 'n']","['p', 'o', 's', 'i', 't', 'i', 'o', 'n']",os
e,"['t', 'a', 'k', 'eq', 'n']","['t', 'a', 'k', 'e', 'n']",eq
o,"['s', 'ox', 'r', 't']","['s', 'o', 'r', 't']",ox
n,"['l', 'i', 's', 't', 'i', 'nl', 'g', 's']","['l', 'i', 's', 't', 'i', 'n', 'g', 's']",nl
o,"['m', 'on', 'd', 'e', 'l', 's']","['m', 'o', 'd', 'e', 'l', 's']",on
m,"['mn', 'i', 'c', 'h', 'a', 'e', 'l']","['m', 'i', 'c', 'h', 'a', 'e', 'l']",mn
n,"['k', 'nm', 'o', 'w', 'nm']","['k', 'n', 'o', 'w', 'n']",nm
a,"['h', 'av', 'l', 'f']","['h', 'a', 'l', 'f']",av
a,"['c', 'as', 's', 'e', 's']","['c', 'a', 's', 'e', 's']",as
e,"['s', 't', 'ey', 'p']","['s', 't', 'e', 'p']",ey
e,"['et', 'n', 'g', 'i', 'n', 'et', 'et', 'r', 'i', 'n', 'g']","['e', 'n', 'g', 'i', 'n', 'e', 'e', 'r', 'i', 'n', 'g']",et
a,"['f', 'l', 'o', 'r', 'i', 'd', 'am']","['f', 'l', 'o', 'r', 'i', 'd', 'a']",am
e,"['s', 'i', 'm', 'p', 'l', 'es']","['s', 'i', 'm', 'p', 'l', 'e']",es
u,"['q', 'un', 'i', 'c', 'k']","['q', 'u', 'i', 'c', 'k']",un
n,"['nl', 'o', 'nl', 'e']","['n', 'o', 'n', 'e']",nl
s,"['w', 'i', 'r', 'e', 'l', 'e', 'sv', 'sv']","['w', 'i', 'r', 'e', 'l', 'e', 's', 's']",sv
s,"['l', 'i', 'c', 'e', 'n', 'sl', 'e']","['l', 'i', 'c', 'e', 'n', 's', 'e']",sl
p,"['pt', 'a', 'u', 'l']","['p', 'a', 'u', 'l']",pt
a,"['f', 'r', 'i', 'd', 'ab', 'y']","['f', 'r', 'i', 'd', 'a', 'y']",ab
e,"['l', 'a', 'k', 'es']","['l', 'a', 'k', 'e']",es
o,"['w', 'h', 'ot', 'l', 'e']","['w', 'h', 'o', 'l', 'e']",ot
u,"['a', 'n', 'n', 'um', 'a', 'l']","['a', 'n', 'n', 'u', 'a', 'l']",um
u,"['p', 'uh', 'b', 'l', 'i', 's', 'h', 'e', 'd']","['p', 'u', 'b', 'l', 'i', 's', 'h', 'e', 'd']",uh
l,"['lf', 'a', 't', 'e', 'r']","['l', 'a', 't', 'e', 'r']",lf
b,"['bh', 'a', 's', 'i', 'c']","['b', 'a', 's', 'i', 'c']",bh
y,"['s', 'o', 'n', 'yj']","['s', 'o', 'n', 'y']",yj
o,"['s', 'h', 'ou', 'w', 's']","['s', 'h', 'o', 'w', 's']",ou
o,"['c', 'oi', 'r', 'p', 'oi', 'r', 'a', 't', 'e']","['c', 'o', 'r', 'p', 'o', 'r', 'a', 't', 'e']",oi
l,"['g', 'o', 'o', 'g', 'ln', 'e']","['g', 'o', 'o', 'g', 'l', 'e']",ln
u,"['c', 'h', 'uu', 'r', 'c', 'h']","['c', 'h', 'u', 'r', 'c', 'h']",uu
d,"['m', 'e', 't', 'h', 'o', 'dt']","['m', 'e', 't', 'h', 'o', 'd']",dt
e,"['p', 'u', 'r', 'c', 'h', 'a', 's', 'er']","['p', 'u', 'r', 'c', 'h', 'a', 's', 'e']",er
t,"['c', 'u', 's', 'tv', 'o', 'm', 'e', 'r', 's']","['c', 'u', 's', 't', 'o', 'm', 'e', 'r', 's']",tv
v,"['a', 'c', 't', 'i', 'vr', 'e']","['a', 'c', 't', 'i', 'v', 'e']",vr
o,"['r', 'e', 's', 'p', 'or', 'n', 's', 'e']","['r', 'e', 's', 'p', 'o', 'n', 's', 'e']",or
p,"['pd', 'r', 'a', 'c', 't', 'i', 'c', 'e']","['p', 'r', 'a', 'c', 't', 'i', 'c', 'e']",pd
e,"['h', 'a', 'r', 'd', 'w', 'a', 'r', 'ec']","['h', 'a', 'r', 'd', 'w', 'a', 'r', 'e']",ec
e,"['f', 'i', 'g', 'u', 'r', 'ek']","['f', 'i', 'g', 'u', 'r', 'e']",ek
m,"['me', 'a', 't', 'e', 'r', 'i', 'a', 'l', 's']","['m', 'a', 't', 'e', 'r', 'i', 'a', 'l', 's']",me
r,"['f', 'i', 'rh', 'e']","['f', 'i', 'r', 'e']",rh
l,"['h', 'o', 'la', 'i', 'd', 'a', 'y']","['h', 'o', 'l', 'i', 'd', 'a', 'y']",la
t,"['c', 'h', 'a', 'tf']","['c', 'h', 'a', 't']",tf
n,"['e', 'nk', 'o', 'u', 'g', 'h']","['e', 'n', 'o', 'u', 'g', 'h']",nk
g,"['d', 'e', 's', 'i', 'gn', 'n', 'e', 'd']","['d', 'e', 's', 'i', 'g', 'n', 'e', 'd']",gn
n,"['a', 'l', 'o', 'nb', 'g']","['a', 'l', 'o', 'n', 'g']",nb
n,"['a', 'm', 'o', 'nt', 'g']","['a', 'm', 'o', 'n', 'g']",nt
d,"['dj', 'e', 'a', 't', 'h']","['d', 'e', 'a', 't', 'h']",dj
r,"['w', 're', 'i', 't', 'i', 'n', 'g']","['w', 'r', 'i', 't', 'i', 'n', 'g']",re
p,"['s', 'pk', 'e', 'e', 'd']","['s', 'p', 'e', 'e', 'd']",pk
l,"['h', 't', 'm', 'la']","['h', 't', 'm', 'l']",la
n,"['c', 'o', 'u', 'ns', 't', 'r', 'i', 'e', 's']","['c', 'o', 'u', 'n', 't', 'r', 'i', 'e', 's']",ns
s,"['l', 'o', 'sd', 'sd']","['l', 'o', 's', 's']",sd
c,"['f', 'a', 'ce', 'e']","['f', 'a', 'c', 'e']",ce
d,"['b', 'r', 'a', 'n', 'df']","['b', 'r', 'a', 'n', 'd']",df
u,"['d', 'i', 's', 'c', 'o', 'uk', 'n', 't']","['d', 'i', 's', 'c', 'o', 'u', 'n', 't']",uk
r,"['h', 'i', 'g', 'h', 'e', 'rb']","['h', 'i', 'g', 'h', 'e', 'r']",rb
e,"['eg', 'f', 'f', 'eg', 'c', 't', 's']","['e', 'f', 'f', 'e', 'c', 't', 's']",eg
d,"['c', 'r', 'e', 'a', 't', 'e', 'dx']","['c', 'r', 'e', 'a', 't', 'e', 'd']",dx
b,"['r', 'e', 'm', 'e', 'm', 'bd', 'e', 'r']","['r', 'e', 'm', 'e', 'm', 'b', 'e', 'r']",bd
r,"['s', 't', 'a', 'n', 'd', 'a', 'rl', 'd', 's']","['s', 't', 'a', 'n', 'd', 'a', 'r', 'd', 's']",rl
i,"['o', 'id', 'l']","['o', 'i', 'l']",id
t,"['b', 'i', 'ty']","['b', 'i', 't']",ty
w,"['y', 'e', 'l', 'l', 'o', 'wr']","['y', 'e', 'l', 'l', 'o', 'w']",wr
i,"['p', 'o', 'l', 'ir', 't', 'ir', 'c', 'a', 'l']","['p', 'o', 'l', 'i', 't', 'i', 'c', 'a', 'l']",ir
r,"['i', 'n', 'c', 'ry', 'e', 'a', 's', 'e']","['i', 'n', 'c', 'r', 'e', 'a', 's', 'e']",ry
t,"['a', 'd', 'v', 'e', 'r', 'te', 'i', 's', 'e']","['a', 'd', 'v', 'e', 'r', 't', 'i', 's', 'e']",te
d,"['k', 'i', 'n', 'g', 'dp', 'o', 'm']","['k', 'i', 'n', 'g', 'd', 'o', 'm']",dp
s,"['b', 'a', 'sb', 'e']","['b', 'a', 's', 'e']",sb
n,"['ng', 'e', 'a', 'r']","['n', 'e', 'a', 'r']",ng
a,"['e', 'n', 'v', 'i', 'r', 'o', 'n', 'm', 'e', 'n', 't', 'ai', 'l']","['e', 'n', 'v', 'i', 'r', 'o', 'n', 'm', 'e', 'n', 't', 'a', 'l']",ai
g,"['t', 'h', 'o', 'u', 'gj', 'h', 't']","['t', 'h', 'o', 'u', 'g', 'h', 't']",gj
t,"['s', 'tr', 'u', 'f', 'f']","['s', 't', 'u', 'f', 'f']",tr
r,"['f', 'rt', 'e', 'n', 'c', 'h']","['f', 'r', 'e', 'n', 'c', 'h']",rt
a,"['s', 't', 'o', 'r', 'av', 'g', 'e']","['s', 't', 'o', 'r', 'a', 'g', 'e']",av
a,"['j', 'as', 'p', 'as', 'n']","['j', 'a', 'p', 'a', 'n']",as
n,"['d', 'o', 'i', 'nu', 'g']","['d', 'o', 'i', 'n', 'g']",nu
n,"['l', 'o', 'a', 'ng', 's']","['l', 'o', 'a', 'n', 's']",ng
s,"['sk', 'h', 'o', 'e', 'sk']","['s', 'h', 'o', 'e', 's']",sk
r,"['e', 'n', 't', 'rn', 'y']","['e', 'n', 't', 'r', 'y']",rn
a,"['s', 't', 'aw', 'y']","['s', 't', 'a', 'y']",aw
n,"['nd', 'a', 't', 'u', 'r', 'e']","['n', 'a', 't', 'u', 'r', 'e']",nd
e,"['o', 'r', 'd', 'ef', 'r', 's']","['o', 'r', 'd', 'e', 'r', 's']",ef
b,"['a', 'v', 'a', 'i', 'l', 'a', 'bi', 'i', 'l', 'i', 't', 'y']","['a', 'v', 'a', 'i', 'l', 'a', 'b', 'i', 'l', 'i', 't', 'y']",bi
f,"['a', 'fh', 'r', 'i', 'c', 'a']","['a', 'f', 'r', 'i', 'c', 'a']",fh
r,"['s', 'u', 'm', 'm', 'a', 'rv', 'y']","['s', 'u', 'm', 'm', 'a', 'r', 'y']",rv
r,"['t', 'u', 'rd', 'n']","['t', 'u', 'r', 'n']",rd
e,"['m', 'ee', 'a', 'n']","['m', 'e', 'a', 'n']",ee
r,"['g', 'rj', 'o', 'w', 't', 'h']","['g', 'r', 'o', 'w', 't', 'h']",rj
o,"['n', 'ol', 't', 'e', 's']","['n', 'o', 't', 'e', 's']",ol
c,"['a', 'g', 'e', 'n', 'cc', 'y']","['a', 'g', 'e', 'n', 'c', 'y']",cc
k,"['ku', 'i', 'n', 'g']","['k', 'i', 'n', 'g']",ku
o,"['m', 'oj', 'n', 'd', 'a', 'y']","['m', 'o', 'n', 'd', 'a', 'y']",oj
p,"['e', 'u', 'r', 'o', 'pu', 'e', 'a', 'n']","['e', 'u', 'r', 'o', 'p', 'e', 'a', 'n']",pu
c,"['a', 'cj', 't', 'i', 'v', 'i', 't', 'y']","['a', 'c', 't', 'i', 'v', 'i', 't', 'y']",cj
p,"['c', 'o', 'pq', 'y']","['c', 'o', 'p', 'y']",pq
u,"['a', 'l', 't', 'h', 'o', 'uh', 'g', 'h']","['a', 'l', 't', 'h', 'o', 'u', 'g', 'h']",uh
d,"['de', 'r', 'u', 'g']","['d', 'r', 'u', 'g']",de
s,"['p', 'i', 'c', 'sz']","['p', 'i', 'c', 's']",sz
n,"['w', 'e', 's', 't', 'e', 'r', 'nu']","['w', 'e', 's', 't', 'e', 'r', 'n']",nu
i,"['iz', 'n', 'c', 'o', 'm', 'e']","['i', 'n', 'c', 'o', 'm', 'e']",iz
c,"['f', 'o', 'r', 'cd', 'e']","['f', 'o', 'r', 'c', 'e']",cd
a,"['c', 'aa', 's', 'h']","['c', 'a', 's', 'h']",aa
p,"['e', 'm', 'pp', 'l', 'o', 'y', 'm', 'e', 'n', 't']","['e', 'm', 'p', 'l', 'o', 'y', 'm', 'e', 'n', 't']",pp
l,"['o', 'v', 'e', 'r', 'a', 'lw', 'lw']","['o', 'v', 'e', 'r', 'a', 'l', 'l']",lw
b,"['bc', 'a', 'y']","['b', 'a', 'y']",bc
r,"['rk', 'i', 'v', 'e', 'rk']","['r', 'i', 'v', 'e', 'r']",rk
m,"['c', 'o', 'mi', 'mi', 'i', 's', 's', 'i', 'o', 'n']","['c', 'o', 'm', 'm', 'i', 's', 's', 'i', 'o', 'n']",mi
c,"['p', 'a', 'ch', 'k', 'a', 'g', 'e']","['p', 'a', 'c', 'k', 'a', 'g', 'e']",ch
s,"['c', 'o', 'n', 't', 'e', 'n', 't', 'sd']","['c', 'o', 'n', 't', 'e', 'n', 't', 's']",sd
e,"['s', 'em', 'em', 'n']","['s', 'e', 'e', 'n']",em
e,"['p', 'l', 'a', 'y', 'ex', 'r', 's']","['p', 'l', 'a', 'y', 'e', 'r', 's']",ex
n,"['e', 'nf', 'g', 'i', 'nf', 'e']","['e', 'n', 'g', 'i', 'n', 'e']",nf
t,"['p', 'o', 'r', 'tj']","['p', 'o', 'r', 't']",tj
a,"['ag', 'l', 'b', 'u', 'm']","['a', 'l', 'b', 'u', 'm']",ag
l,"['r', 'e', 'g', 'i', 'o', 'n', 'a', 'lk']","['r', 'e', 'g', 'i', 'o', 'n', 'a', 'l']",lk
t,"['s', 'tk', 'o', 'p']","['s', 't', 'o', 'p']",tk
s,"['sh', 'u', 'p', 'p', 'l', 'i', 'e', 'sh']","['s', 'u', 'p', 'p', 'l', 'i', 'e', 's']",sh
e,"['s', 't', 'a', 'r', 't', 'en', 'd']","['s', 't', 'a', 'r', 't', 'e', 'd']",en
s,"['a', 'd', 'm', 'i', 'n', 'i', 'sk', 't', 'r', 'a', 't', 'i', 'o', 'n']","['a', 'd', 'm', 'i', 'n', 'i', 's', 't', 'r', 'a', 't', 'i', 'o', 'n']",sk
a,"['b', 'ac', 'r']","['b', 'a', 'r']",ac
s,"['i', 'n', 'sw', 't', 'i', 't', 'u', 't', 'e']","['i', 'n', 's', 't', 'i', 't', 'u', 't', 'e']",sw
v,"['vf', 'i', 'e', 'w', 's']","['v', 'i', 'e', 'w', 's']",vf
n,"['p', 'l', 'a', 'na', 's']","['p', 'l', 'a', 'n', 's']",na
b,"['d', 'o', 'u', 'bs', 'l', 'e']","['d', 'o', 'u', 'b', 'l', 'e']",bs
d,"['dj', 'o', 'g']","['d', 'o', 'g']",dj
b,"['bh', 'u', 'i', 'l', 'd']","['b', 'u', 'i', 'l', 'd']",bh
e,"['s', 'c', 'r', 'eu', 'eu', 'n']","['s', 'c', 'r', 'e', 'e', 'n']",eu
g,"['e', 'x', 'c', 'h', 'a', 'n', 'gv', 'e']","['e', 'x', 'c', 'h', 'a', 'n', 'g', 'e']",gv
y,"['t', 'yf', 'p', 'e', 's']","['t', 'y', 'p', 'e', 's']",yf
s,"['sm', 'o', 'o', 'n']","['s', 'o', 'o', 'n']",sm
e,"['s', 'p', 'o', 'n', 's', 'o', 'r', 'ew', 'd']","['s', 'p', 'o', 'n', 's', 'o', 'r', 'e', 'd']",ew
l,"['lz', 'i', 'n', 'e', 's']","['l', 'i', 'n', 'e', 's']",lz
r,"['e', 'l', 'e', 'c', 't', 'rm', 'o', 'n', 'i', 'c']","['e', 'l', 'e', 'c', 't', 'r', 'o', 'n', 'i', 'c']",rm
o,"['c', 'om', 'n', 't', 'i', 'n', 'u', 'e']","['c', 'o', 'n', 't', 'i', 'n', 'u', 'e']",om
r,"['a', 'c', 'rb', 'o', 's', 's']","['a', 'c', 'r', 'o', 's', 's']",rb
b,"['bd', 'e', 'n', 'e', 'f', 'i', 't', 's']","['b', 'e', 'n', 'e', 'f', 'i', 't', 's']",bd
e,"['n', 'el', 'el', 'd', 'el', 'd']","['n', 'e', 'e', 'd', 'e', 'd']",el
o,"['s', 'e', 'a', 's', 'ok', 'n']","['s', 'e', 'a', 's', 'o', 'n']",ok
l,"['a', 'p', 'p', 'ln', 'y']","['a', 'p', 'p', 'l', 'y']",ln
m,"['s', 'o', 'mf', 'e', 'o', 'n', 'e']","['s', 'o', 'm', 'e', 'o', 'n', 'e']",mf
d,"['h', 'e', 'l', 'di']","['h', 'e', 'l', 'd']",di
i,"['a', 'n', 'y', 't', 'h', 'ip', 'n', 'g']","['a', 'n', 'y', 't', 'h', 'i', 'n', 'g']",ip
i,"['p', 'r', 'iw', 'n', 't', 'e', 'r']","['p', 'r', 'i', 'n', 't', 'e', 'r']",iw
t,"['c', 'o', 'n', 'd', 'i', 'th', 'i', 'o', 'n']","['c', 'o', 'n', 'd', 'i', 't', 'i', 'o', 'n']",th
c,"['e', 'f', 'f', 'e', 'cx', 't', 'i', 'v', 'e']","['e', 'f', 'f', 'e', 'c', 't', 'i', 'v', 'e']",cx
l,"['b', 'e', 'ln', 'i', 'e', 'v', 'e']","['b', 'e', 'l', 'i', 'e', 'v', 'e']",ln
